Molecule ChEMBL ID,Molecular Weight,Smiles,Standard Type,Standard Relation,Standard Value,Standard Units,pIC50
CHEMBL5780969,477.49,C[C@H](CC(=O)N1CCC(O)(Cn2cnc3c(nc(C(F)(F)F)n3C)c2=O)CC1)c1ccccc1,IC50,'=',100500,nM,3.99783394
CHEMBL6005235,440.54,C[C@H](CC(=O)N1CCC(O)(Cn2cnc(NC3CCOC3)cc2=O)CC1)c1ccccc1,IC50,'=',100500,nM,3.99783394
CHEMBL6011319,466.58,C[C@H](CC(=O)N1CCC(O)(Cn2cnc(N3CC4CCOC4C3)cc2=O)CC1)c1ccccc1,IC50,'=',100500,nM,3.99783394
CHEMBL6001184,495.02,C[C@H](CC(=O)N1CCC(O)(Cn2cnc(NCc3ccc(Cl)cc3)cc2=O)CC1)c1ccccc1,IC50,'=',100500,nM,3.99783394
CHEMBL5799518,428.53,C[C@H](CC(=O)N1CCC(O)(Cn2cnc(N(C)CCO)cc2=O)CC1)c1ccccc1,IC50,'=',100500,nM,3.99783394
CHEMBL4065173,349.22,CC(=O)c1nc([N+](=O)[O-])c(Sc2c(Cl)cccc2Cl)s1,IC50,'=',4490,nM,5.34775366
CHEMBL2159507,507.47,CN(C)CCCOc1ccc(NC(=O)c2cc(C#N)c(Sc3c(Cl)cncc3Cl)s2)cc1,IC50,'=',380,nM,6.4202164
CHEMBL2159497,348.23,CC(=O)c1cc([N+](=O)[O-])c(Sc2ccc(Cl)cc2Cl)s1,IC50,'=',6900,nM,5.16115091
CHEMBL4284493,500.6,C[C@H](CC(=O)N1CCC(O)(Cn2cnc3c(-c4ccccc4N)n(C)nc3c2=O)CC1)c1ccccc1,IC50,'=',100500,nM,3.99783394
CHEMBL6050020,464.57,Cc1nn(C)cc1Nc1cc(=O)n(CC2(O)CCN(C(=O)C[C@@H](C)c3ccccc3)CC2)cn1,IC50,'=',100500,nM,3.99783394
CHEMBL5818143,495.62,C[C@H](CC(=O)N1CCC(O)(Cn2cnc(N3CC4(CN(C)CCO4)C3)cc2=O)CC1)c1ccccc1,IC50,'=',100500,nM,3.99783394
CHEMBL6057612,431.58,O=C(CCC1CCC1)N1CCC(O)(Cn2cnc(NCCN3CCCC3)cc2=O)CC1,IC50,'=',100500,nM,3.99783394
CHEMBL5810231,539.56,Cc1nc2c(=O)n(CC3(O)CCN(C(=O)C[C@H](c4ccccc4)C(F)(F)F)CC3)cnc2n1-c1ccccc1,IC50,'=',625,nM,6.20411998
CHEMBL5910052,560.1,CN1CC[C@@H](C(=O)N2CCC(O)(Cn3cnc4c(ccn4-c4cccc(Cl)c4)c3=O)CC2)[C@H](c2ccccc2)C1,IC50,'=',64.8,nM,7.18842499
CHEMBL5942323,567.73,CCC(C)N1CC[C@@H](C(=O)N2CCC(O)(Cn3cnc4c(ccn4-c4ccccc4)c3=O)CC2)[C@H](c2ccccc2)C1,IC50,'=',108,nM,6.96657624
CHEMBL5836524,571.65,CC(=O)N1CC[C@@H](C(=O)N2CCC(O)(Cn3cnc4c(ccn4-c4ccc(F)cc4)c3=O)CC2)[C@H](c2ccccc2)C1,IC50,'=',102,nM,6.99139983
CHEMBL5834550,253.26,N#CN1Cc2cnn(-c3ccc(C(N)=O)cc3)c2C1,IC50,'=',20000,nM,4.69897
CHEMBL5929976,224.27,Cc1nn(-c2ccccc2)c2c1CN(C#N)C2,IC50,'=',20000,nM,4.69897
CHEMBL5993460,294.24,N#CN1Cc2[nH]nc(-c3cccc(OC(F)(F)F)c3)c2C1,IC50,'=',20000,nM,4.69897
CHEMBL4092836,350.21,CC(=O)c1nc([N+](=O)[O-])c(Sc2c(Cl)cncc2Cl)s1,IC50,'=',670,nM,6.1739252
CHEMBL2159506,328.25,CC(=O)c1cc(C#N)c(Sc2ccc(Cl)cc2Cl)s1,IC50,'=',19000,nM,4.7212464
CHEMBL4127188,530.44,CC1CS(=O)(=O)c2cc(NC(=O)c3cc([N+](=O)[O-])c(Sc4c(Cl)cncc4Cl)s3)ccc21,IC50,'=',75,nM,7.12493874
CHEMBL4126079,948.94,C[C@@]12CCCc3coc(c31)C(=O)c1cc3c(=O)c4c(c(=O)c3cc12)c1c(=O)c2cc3c(cc2c(=O)c1c1c(=O)c2cc5c(cc2c(=O)c41)[C@]1(C)CCCc2coc(c21)C5=O)[C@]1(C)CCCc2coc(c21)C3=O,IC50,'=',750,nM,6.12493874
CHEMBL5171659,387.47,COc1ccc(N2CCN(C(=S)Nc3ccc([N+](=O)[O-])cc3)CC2)c(N)c1,IC50,'=',10500,nM,4.9788107
CHEMBL5967609,439.52,O=C(c1ccccc1)N1CCC(O)(Cn2cnc3c(-c4ccccc4)cccc3c2=O)CC1,IC50,'=',5500,nM,5.25963731
CHEMBL5953860,491.49,O=C(c1ccc(F)cc1)N1CCC(O)(Cn2cnc3c(Oc4ccc(F)cc4)cccc3c2=O)CC1,IC50,'=',5500,nM,5.25963731
CHEMBL5878688,503.53,C=C(C)[C@@H](CC(=O)N1CCC(O)(Cn2cnc3c(-c4ccccc4)n(C)nc3c2=O)CC1)C(F)(F)F,IC50,'=',100500,nM,3.99783394
CHEMBL4284337,395.46,Cn1cc2ncn(CC3(O)CCN(C(=O)CCc4ccccc4)CC3)c(=O)c2n1,IC50,'=',100500,nM,3.99783394
CHEMBL5748298,406.49,CC(CC(=O)N1CCC(O)(Cn2cnc3cccnc3c2=O)CC1)c1ccccc1,IC50,'=',600,nM,6.22184875
CHEMBL4867215,425.92,O=C(CCc1ccccc1)N1CCC(O)(Cn2cnc3cc(Cl)ccc3c2=O)CC1,IC50,'=',193,nM,6.71444269
CHEMBL4063215,293.33,Nc1nc(N)c(-c2ccc(O)cc2)cc1-c1ccc(O)cc1,IC50,'=',8500,nM,5.07058107
CHEMBL448126,246.23,O=C1NC(=O)/C(=C2\CCNC(=O)c3[nH]ccc32)N1,IC50,'=',3800,nM,5.4202164
CHEMBL4644317,484.02,Cc1cc(Cl)cc(-c2ccnc3cc(CN4C(=O)CCC4=O)sc23)c1O[C@@H]1CCNC[C@@H]1C,IC50,'=',2.1,nM,8.67778071
CHEMBL4638458,497.06,Cc1cc(Cl)cc(-c2ccnc3cc(CN4C(=O)CCC4=O)sc23)c1CN1[C@@H](C)CNC[C@@H]1C,IC50,'=',0.32,nM,9.49485002
CHEMBL4634092,482.01,Cc1cc(Cl)cc(-c2ccnc3cc(CN4C(=O)C5CC5C4=O)sc23)c1C[C@@H]1CNCCO1,IC50,'=',0.16,nM,9.79588002
CHEMBL2159501,447.37,CN1CCC(NC(=O)c2cc([N+](=O)[O-])c(Sc3c(Cl)cncc3Cl)s2)CC1,IC50,'=',1700,nM,5.76955108
CHEMBL4647217,510.06,Cc1cc(Cl)cc(-c2ccnc3cc(CN4C(=O)C5C(C4=O)C5(C)C)sc23)c1C[C@@H]1CNCCO1,IC50,'=',0.44,nM,9.35654732
CHEMBL6004976,406.49,CC(CC(=O)N1CCC(O)(Cn2cnc3cnccc3c2=O)CC1)c1ccccc1,IC50,'=',5500,nM,5.25963731
CHEMBL5202830,649.05,Cl.Cl.Cn1nc2c(=O)n(CC3(O)CCN(Cc4ccc(-c5cncs5)cc4Cl)CC3)cnc2c1-c1ccc(CN)cc1,IC50,'=',117.3,nM,6.93070199
CHEMBL5171419,587.08,Cn1nc2c(=O)n(CC3(O)CCN(Cc4ccc(-c5ccco5)cc4Cl)CC3)cnc2c1-c1ccc(CNC=O)cc1,IC50,'=',20.9,nM,7.67985371
CHEMBL5186229,548.02,Cn1nc2c(=O)n(CC3(O)CCN(Cc4ccc(-c5ccco5)cc4Cl)CC3)cnc2c1-c1ccc(F)cc1,IC50,'=',64.5,nM,7.19044029
CHEMBL4090158,491.49,O=C(c1ccc(F)cc1)N1CCC(O)(Cn2cnc3c(Oc4ccc(F)cc4)cccc3c2=O)CC1,IC50,'=',5500,nM,5.25963731
CHEMBL5170305,427.29,O=C(Nc1ccccc1)c1nc([N+](=O)[O-])c(Sc2c(Cl)cncc2Cl)s1,IC50,'=',40490,nM,4.39265222
CHEMBL5618529,230.23,N#Cc1cc2c(cc1C#N)-c1ccccc1C2=O,IC50,'=',3500,nM,5.45593196
CHEMBL4641569,514.63,COc1ccc(-n2c(C)cc3c(=O)n(CC4(O)CCN(C(=O)C[C@@H](C)c5ccccc5)CC4)cnc32)cc1,IC50,'=',65.6,nM,7.18309616
CHEMBL4641014,473.96,Cc1cc(Cl)cc(-c2ccnc3cc(CN4C(=O)CCC4=O)sc23)c1O[C@@H]1CNC[C@@H]1F,IC50,'=',1.2,nM,8.92081875
CHEMBL4636266,382.85,O=C(C1Cc2cc(Cl)cc(-c3ccnc4[nH]ccc34)c2O1)N1CCNCC1,IC50,'=',930,nM,6.03151705
CHEMBL4641488,399.9,O=C([C@H]1Cc2cc(Cl)cc(-c3ccnc4ccsc34)c2O1)N1CCNCC1,IC50,'=',90,nM,7.04575749
CHEMBL5194859,470.98,CC(=O)NCc1cc2nccc(-c3cc(Cl)cc4c3O[C@@H](C(=O)N3CCNCC3)C4)c2s1,IC50,'=',25,nM,7.60205999
CHEMBL5185705,564.47,Cn1nc2c(=O)n(CC3(O)CCN(Cc4ccc(-c5ccco5)cc4Cl)CC3)cnc2c1-c1ccc(Cl)cc1,IC50,'=',142.9,nM,6.84496777
CHEMBL5180062,648.06,Cl.Cl.Cn1nc2c(=O)n(CC3(O)CCN(Cc4ccc(-c5ccsc5)cc4Cl)CC3)cnc2c1-c1ccc(CN)cc1,IC50,'=',59.5,nM,7.22548303
CHEMBL5183044,631.99,Cl.Cl.Cn1nc2c(=O)n(CC3(O)CCN(Cc4ccc(-c5ccco5)cc4Cl)CC3)cnc2c1-c1ccc(CN)cc1,IC50,'=',18.1,nM,7.74232143
CHEMBL5204861,658.03,Cl.Cl.Cn1nc2c(=O)n(CC3(O)CCN(Cc4ccc(-c5ccco5)cc4Cl)CC3)cnc2c1-c1ccc(C2(N)CC2)cc1,IC50,'=',66.1,nM,7.17979854
CHEMBL5618563,560.05,Cn1nc2c(=O)n(CC3(O)CCN(Cc4ccc(-c5ccco5)cc4Cl)CC3)cnc2c1-c1ccc(CO)cc1,IC50,'=',42.5,nM,7.37161107
CHEMBL5619315,471.56,C[C@H](CC(=O)N1CCC(O)(Cn2cnc3c(ccn3-c3cccnc3)c2=O)CC1)c1ccccc1,IC50,'=',567.8,nM,6.24580461
CHEMBL4757051,501.59,COc1ccc(-n2ccc3c(=O)n(CC4(O)CCN(C(=O)CC(C)c5cccnc5)CC4)cnc32)cc1,IC50,'=',4380.5,nM,5.35847632
CHEMBL4079712,570.42,COC(=O)c1ccc(CN2CCC(O)(Cn3cnc4c(cnn4-c4ccc(F)cc4)c3=O)CC2)c(Br)c1,IC50,'=',900,nM,6.04575749
CHEMBL4098430,245.28,CN1CCC(c2noc(-c3ccc(O)cc3)n2)C1,IC50,'=',131000,nM,3.8827287
CHEMBL5207465,244.29,Oc1ccc(-c2ncc(C3CCNCC3)o2)cc1,IC50,'=',32800,nM,4.48412616
CHEMBL5620158,662.09,Cc1ccc(-c2ccc(CN3CCC(O)(Cn4cnc5c(-c6ccc(CN)cc6)n(C)nc5c4=O)CC3)c(Cl)c2)s1.Cl.Cl,IC50,'=',100.9,nM,6.99610883
CHEMBL5618976,488.56,C[C@H](CC(=O)N1CCC(O)(Cn2cnc3c(ccn3-c3cccc(F)c3)c2=O)CC1)c1ccccc1,IC50,'=',335.2,nM,6.47469599
CHEMBL4074910,471.56,C[C@H](CC(=O)N1CCC(O)(Cn2cnc3c(ccn3-c3ccccn3)c2=O)CC1)c1ccccc1,IC50,'=',1386.5,nM,5.85808013
CHEMBL4081911,306.37,CCc1c(-c2ccc(O)cc2)cnc(N)c1-c1ccc(O)cc1,IC50,'=',2500,nM,5.60205999
CHEMBL4759513,290.37,CCc1c(-c2ccc(O)cc2)cnc(N)c1-c1ccccc1,IC50,'=',22400,nM,4.64975198
CHEMBL4632475,533.49,O=C(C[C@@H](C(F)F)n1ccc(F)n1)N1CCC(O)(Cn2cnc3c(cnn3-c3ccc(F)cc3)c2=O)CC1,IC50,'=',64.6,nM,7.18976748
CHEMBL4638998,469.99,Cc1cc(Cl)cc(-c2ccnc3cc(CN4C(=O)CCC4=O)sc23)c1OC1CCNCC1,IC50,'=',8,nM,8.09691001
CHEMBL5618854,509.08,Cc1cc(Cl)cc(-c2ccnc3cc(CN4C(=O)C5C(C4=O)C5(C)C)sc23)c1NC1CCCNC1,IC50,'=',0.78,nM,9.1079054
CHEMBL5618252,530.63,COc1ccc(-n2ccc3c(=O)n(CC4(O)CCN(C(=O)C[C@@H](C)c5ccccc5)CC4)cnc32)cc1OC,IC50,'=',41.8,nM,7.37882372
CHEMBL4081614,471.56,C[C@H](CC(=O)N1CCC(O)(Cn2cnc3c(ccn3-c3ccncc3)c2=O)CC1)c1ccccc1,IC50,'=',1144.5,nM,5.9413842
CHEMBL4073748,441.37,CC(NCc1ccccc1)c1nc([N+](=O)[O-])c(Sc2c(Cl)cncc2Cl)s1,IC50,'=',26780,nM,4.57218943
CHEMBL4641037,349.22,CC(=O)c1nc([N+](=O)[O-])c(Sc2ccc(Cl)c(Cl)c2)s1,IC50,'=',18020,nM,4.74424521
CHEMBL4640002,382.85,O=C([C@H]1Cc2cc(Cl)cc(-c3ccnc4[nH]ccc34)c2O1)N1CCNCC1,IC50,'=',450,nM,6.34678749
CHEMBL4290072,511,O=C([C@H]1Cc2cc(Cl)cc(-c3ccnc4cc(CN5C(=O)CCC5=O)sc34)c2O1)N1CCNCC1,IC50,'=',0.18,nM,9.74472749
CHEMBL4290969,445.56,C[C@H](CC(=O)N1CCC(O)(Cn2cnc(Cc3ccccc3)cc2=O)CC1)c1ccccc1,IC50,'=',90000,nM,4.04575749
CHEMBL4287544,441.58,C[C@H](CC(=O)N1CCC(O)(Cn2cnc(NCCN(C)C)cc2=O)CC1)c1ccccc1,IC50,'=',120,nM,6.92081875
CHEMBL4292042,395.46,Cn1cc2ncn(CC3(O)CCN(C(=O)CCc4ccccc4)CC3)c(=O)c2n1,IC50,'=',44000,nM,4.35654732
CHEMBL4279817,476.4,O=C(CCc1ccccc1)N1CCC(O)(Cn2cnc3cc(Br)sc3c2=O)CC1,IC50,'=',60000,nM,4.22184875
CHEMBL4105608,437.57,O=C(CCc1ccccc1)N1CCC(O)(Cn2cnc3c(C4CC4)csc3c2=O)CC1,IC50,'=',20000,nM,4.69897
CHEMBL4087728,528.61,C[C@H](CC(=O)N1CCC(O)(Cn2cnc3c(-c4ccc(C(N)=O)cc4)n(C)nc3c2=O)CC1)c1ccccc1,IC50,'=',50,nM,7.30103
CHEMBL4287739,316.31,CC(=O)c1nc([N+](=O)[O-])c(Sc2ccc(F)cc2F)s1,IC50,'=',6120,nM,5.21324858
CHEMBL4290015,455.35,Cc1ccc(CNC(=O)c2nc([N+](=O)[O-])c(Sc3c(Cl)cncc3Cl)s2)cc1,IC50,'=',3650,nM,5.43770714
CHEMBL4280334,490.42,C[C@H](CC(=O)N1CCC(O)(Cn2cnc3c(Br)csc3c2=O)CC1)c1ccccc1,IC50,'=',300,nM,6.52287875
CHEMBL4276901,500.6,C[C@H](CC(=O)N1CCC(O)(Cn2cnc3c(-c4cccc(N)c4)n(C)nc3c2=O)CC1)c1ccccc1,IC50,'=',24,nM,7.61978876
CHEMBL4097329,442.56,C[C@H](CC(=O)N1CCC(O)(Cn2cnc(OCCN(C)C)cc2=O)CC1)c1ccccc1,IC50,'=',7200,nM,5.1426675
CHEMBL4094344,428.53,COCCNc1cc(=O)n(CC2(O)CCN(C(=O)C[C@@H](C)c3ccccc3)CC2)cn1,IC50,'=',12000,nM,4.92081875
CHEMBL4130194,315.38,CCc1c(-c2cccc(C#N)c2)cnc(N)c1-c1ccc(O)cc1,IC50,'=',2500,nM,5.60205999
CHEMBL4128994,349.22,CC(=O)c1nc([N+](=O)[O-])c(Sc2ccc(Cl)cc2Cl)s1,IC50,'=',16750,nM,4.77598519
CHEMBL4076247,405.5,CC(Cc1ccccc1)C(=O)N1CCC(O)(Cn2cnc3ccccc3c2=O)CC1,IC50,'=',15000,nM,4.82390874
CHEMBL4590454,616.57,CN(C)CCCNC1CS(=O)(=O)c2cc(NC(=O)c3cc([N+](=O)[O-])c(Sc4c(Cl)cncc4Cl)s3)ccc21,IC50,'=',200,nM,6.69897
CHEMBL4793771,330.39,CCc1c(-c2ccc3[nH]ncc3c2)cnc(N)c1-c1ccc(O)cc1,IC50,'=',980,nM,6.00877392
CHEMBL4750763,582.63,Cn1nc2c(=O)n(CC3(O)CCN(C(=O)C[C@H](c4ccccc4)C(F)(F)F)CC3)cnc2c1Cc1ccc(CN)cc1,IC50,'=',1.5,nM,8.82390874
CHEMBL4750176,467.93,O=c1c2cnn(-c3ccc(F)cc3)c2ncn1CC1(O)CCN(Cc2ccccc2Cl)CC1,IC50,'=',3400,nM,5.46852108
CHEMBL4748975,637.14,COC(=O)c1ccc(N2CCC(O)(Cn3cnc4c(-c5ccc(CNC(=O)OC(C)(C)C)cc5)n(C)nc4c3=O)CC2)c(Cl)c1,IC50,'=',208.8,nM,6.68026951
CHEMBL4635160,628.65,C[C@H](CC(=O)N1CCC(O)(Cn2cnc3c(-c4ccc(CN)cc4)n(C)nc3c2=O)CC1)c1ccccc1.O=C(O)C(F)(F)F,IC50,'=',19.7,nM,7.70553377
CHEMBL2398213,525.97,COC(=O)c1ccc(CN2CCC(O)(Cn3cnc4c(cnn4-c4ccc(F)cc4)c3=O)CC2)c(Cl)c1,IC50,'=',800,nM,6.09691001
CHEMBL4281720,524.09,Cc1cc(Cl)cc(-c2ccnc3cc(CN4C(=O)C5C(C4=O)C5(C)C)sc23)c1O[C@@H]1CCNC[C@@H]1C,IC50,'=',0.18,nM,9.74472749
CHEMBL5619292,421.97,CN(CCCNC(=O)c1ccc2nc3c(c(Cl)c2c1)CCCC3)Cc1ccccc1,IC50,'=',28000,nM,4.55284197
CHEMBL5618821,528.61,C[C@H](CC(=O)N1CCC(O)(Cn2cnc3c(-c4cccc(C(N)=O)c4)n(C)nc3c2=O)CC1)c1ccccc1,IC50,'=',30,nM,7.52287875
CHEMBL5618345,484.6,Cc1ccc(-n2ccc3c(=O)n(CC4(O)CCN(C(=O)C[C@@H](C)c5ccccc5)CC4)cnc32)cc1,IC50,'=',180.2,nM,6.74424521
CHEMBL4069093,505.02,C[C@H](CC(=O)N1CCC(O)(Cn2cnc3c(ccn3-c3ccc(Cl)cc3)c2=O)CC1)c1ccccc1,IC50,'=',204.5,nM,6.68930669
CHEMBL4070513,500.6,COc1cccc(-n2ccc3c(=O)n(CC4(O)CCN(C(=O)C[C@@H](C)c5ccccc5)CC4)cnc32)c1,IC50,'=',120.9,nM,6.9175737
CHEMBL2159498,533.49,O=C(C[C@@H](C(F)F)n1ccc(F)n1)N1CCC(O)(Cn2cnc3c(cnn3-c3ccc(F)cc3)c2=O)CC1,IC50,'=',52,nM,7.28399666
CHEMBL4803149,441.32,O=C(NCc1ccccc1)c1nc([N+](=O)[O-])c(Sc2c(Cl)cncc2Cl)s1,IC50,'=',4210,nM,5.3757179
CHEMBL5181400,349.22,CC(=O)c1nc([N+](=O)[O-])c(Sc2cccc(Cl)c2Cl)s1,IC50,'=',9930,nM,5.00305075
CHEMBL5204355,315.32,CC(=O)c1cc([N+](=O)[O-])c(Sc2ccc(F)cc2F)s1,IC50,'=',19330,nM,4.71376815
CHEMBL5200808,551.05,COC(=O)c1ccc(CN2CCC(O)(Cn3cnc4c(-c5ccc(CN)cc5)n(C)nc4c3=O)CC2)c(Cl)c1,IC50,'=',60.7,nM,7.21681131
CHEMBL4515625,674.07,CC(C)NCc1ccc(-c2c3ncn(CC4(O)CCN(Cc5ccc(-c6ccco6)cc5Cl)CC4)c(=O)c3nn2C)cc1.Cl.Cl,IC50,'=',29.1,nM,7.53610701
CHEMBL4646914,674.07,CCCNCc1ccc(-c2c3ncn(CC4(O)CCN(Cc5ccc(-c6ccco6)cc5Cl)CC4)c(=O)c3nn2C)cc1.Cl.Cl,IC50,'=',43.9,nM,7.35753548
CHEMBL4647687,676.05,Cl.Cl.Cn1nc2c(=O)n(CC3(O)CCN(Cc4ccc(-c5ccco5)cc4Cl)CC3)cnc2c1-c1ccc(CNCCO)cc1,IC50,'=',8.2,nM,8.08618615
CHEMBL4291148,543.55,Cc1ccn([C@@H](CC(=O)N2CCC(O)(Cn3cnc4c(cnn4Cc4ccc(F)cc4)c3=O)CC2)C(F)F)n1,IC50,'=',52,nM,7.28399666
CHEMBL4280933,508.43,O=C([C@H]1Cc2cc(Cl)cc(-c3ccnc4cc(C(O)(CO)CCl)sc34)c2O1)N1CCNCC1,IC50,'=',9,nM,8.04575749
CHEMBL4277510,459.93,O=C1CCC(=O)N1Cc1cc2nccc(-c3cc(Cl)ccc3O[C@@H]3CNC[C@@H]3F)c2s1,IC50,'=',207,nM,6.68402965
CHEMBL4789097,397.5,O=C(CCc1ccccc1)N1CCC(O)(Cn2cnc3sccc3c2=O)CC1,IC50,'=',23000,nM,4.63827216
CHEMBL4785838,381.43,O=C(CCc1ccccc1)N1CCC(O)(Cn2cnc3occc3c2=O)CC1,IC50,'=',87000,nM,4.06048075
CHEMBL5177746,500.6,C[C@H](CC(=O)N1CCC(O)(Cn2cnc3c(-c4ccccc4N)n(C)nc3c2=O)CC1)c1ccccc1,IC50,'=',1400,nM,5.85387196
CHEMBL5177568,355.44,C[C@H](CC(=O)N1CCC(O)(Cn2cnccc2=O)CC1)c1ccccc1,IC50,'=',23000,nM,4.63827216
CHEMBL4128416,491.52,COC(=O)c1ccc(CN2CCC(O)(Cn3cnc4c(cnn4-c4ccc(F)cc4)c3=O)CC2)cc1,IC50,'=',4500,nM,5.34678749
CHEMBL4079850,510.78,COC(=O)c1ccc(N2CCC(O)(Cn3cnc4c(Br)n(C)nc4c3=O)CC2)c(Cl)c1,IC50,'=',156.6,nM,6.80520824
CHEMBL4752847,601.11,CC(=O)NCc1ccc(-c2c3ncn(CC4(O)CCN(Cc5ccc(-c6ccco6)cc5Cl)CC4)c(=O)c3nn2C)cc1,IC50,'=',46.1,nM,7.33629907
CHEMBL4750796,644.99,Cl.Cl.Cn1nc2c(=O)n(CC3(O)CCN(Cc4ccc(-c5ccco5)cc4Cl)CC3)cnc2c1-c1ccc(C(=N)N)cc1,IC50,'=',87.5,nM,7.05799195
CHEMBL4762640,315.32,CC(=O)c1cc([N+](=O)[O-])c(Sc2ccc(F)cc2F)s1,IC50,'=',8000,nM,5.09691001
CHEMBL4633562,634.64,C[C@@]12CCCc3coc(c31)C(=O)c1cc3c(cc12)C(=O)C=C(C1=CC(=O)c2cc4c(cc2C1=O)C(=O)c1occ2c1[C@@]4(C)CCC2)C3=O,IC50,'=',490,nM,6.30980392
CHEMBL4643330,459.31,O=C(NCc1ccc(F)cc1)c1nc([N+](=O)[O-])c(Sc2c(Cl)cncc2Cl)s1,IC50,'=',2650,nM,5.57675413
CHEMBL4640563,451.48,O=c1c2cnn(-c3ccc(F)cc3)c2ncn1CC1(O)CCN(Cc2ccccc2F)CC1,IC50,'=',9800,nM,5.00877392
CHEMBL2159502,579.06,COC(=O)c1ccc(N2CCC(O)(Cn3cnc4c(-c5ccc(CNC(C)=O)cc5)n(C)nc4c3=O)CC2)c(Cl)c1,IC50,'=',121.3,nM,6.9161392
CHEMBL2159503,779.09,COC(=O)c1ccc(CN2CCC(O)(Cn3cnc4c(-c5ccc(CN)cc5)n(C)nc4c3=O)CC2)c(Cl)c1.O=C(O)C(F)(F)F.O=C(O)C(F)(F)F,IC50,'=',40.8,nM,7.38933984
CHEMBL4065700,508,O=C([C@H]1Cc2cc(Cl)cc(-c3ccnc4cc(Cn5cnccc5=O)sc34)c2O1)N1CCNCC1,IC50,'=',27,nM,7.56863624
CHEMBL5844613,521,O=C1CCC(=O)N1Cc1cc2nccc(-c3cc(Cl)cc4c3O[C@@H](c3onc5c3CNCC5)C4)c2s1,IC50,'=',0.38,nM,9.4202164
CHEMBL5748169,455.97,Cc1cc(Cl)cc(-c2ccnc3cc(CN4C(=O)CCC4=O)sc23)c1O[C@H]1C[C@H](N)C1,IC50,'=',3.4,nM,8.46852108
CHEMBL5860180,446.38,CN1CCC(NC(=O)c2cc([N+](=O)[O-])c(Sc3c(Cl)cccc3Cl)s2)CC1,IC50,'=',7800,nM,5.1079054
CHEMBL5881071,527.46,CN(C)CCCOc1ccc(NC(=O)c2cc([N+](=O)[O-])c(Sc3c(Cl)cncc3Cl)s2)cc1,IC50,'=',380,nM,6.4202164
CHEMBL6017240,315.38,CCc1c(-c2ccc(O)cc2)cnc(N)c1-c1cccc(C#N)c1,IC50,'=',5200,nM,5.28399666
CHEMBL5170045,467.61,C[C@H](CC(=O)N1CCC(O)(Cn2cnc(N3CC[C@H](N(C)C)C3)cc2=O)CC1)c1ccccc1,IC50,'=',625,nM,6.20411998
CHEMBL5200117,440.93,CC1(C(=O)N2CCC(O)(Cn3cnc4c(cc(Cl)n4-c4ccccc4)c3=O)CC2)CC1,IC50,'=',625,nM,6.20411998
CHEMBL4643218,378.86,Cn1c(Cl)cc2c(=O)n(CC3(O)CCN(C(=O)C4(C)CC4)CC3)cnc21,IC50,'=',100500,nM,3.99783394
CHEMBL4645724,539.01,Cn1nccc1-c1cc(-n2c(Cl)cc3c(=O)n(CC4(O)CCN(C(=O)C5(C)CC5)CC4)cnc32)ccc1F,IC50,'=',625,nM,6.20411998
CHEMBL4642308,529.6,C[C@H](CC(=O)N1CCC(O)(Cn2cnc3c(-c4cccc(C(=O)O)c4)n(C)nc3c2=O)CC1)c1ccccc1,IC50,'=',100500,nM,3.99783394
CHEMBL4638573,632,Cl.Cl.Cn1nc2c(=O)n(CC3(O)CCN(Cc4ccc(-n5cccn5)cc4Cl)CC3)cnc2c1-c1ccc(CN)cc1,IC50,'=',233,nM,6.63264408
CHEMBL5199444,655.08,Cn1nc2c(=O)n(CC3(O)CCN(Cc4ccc(-c5ccco5)cc4Cl)CC3)cnc2c1-c1ccc(CNC(=O)C(F)(F)F)cc1,IC50,'=',2058,nM,5.68655463
CHEMBL4638960,413.93,Cc1cc2nccc(-c3cc(Cl)cc4c3O[C@@H](C(=O)N3CCNCC3)C4)c2s1,IC50,'=',130,nM,6.88605665
CHEMBL4640729,471.97,O=C([C@H]1Cc2cc(Cl)cc(-c3ccnc4cc(C5(O)COC5)sc34)c2O1)N1CCNCC1,IC50,'=',73,nM,7.13667714
CHEMBL4285285,535.03,O=C1CCC(=O)N1Cc1cc2nccc(-c3cc(Cl)cc4c3O[C@@H](c3ocnc3CN3CCC3)C4)c2s1,IC50,'=',13,nM,7.88605665
CHEMBL4279391,496.03,Cc1cc(Cl)cc(-c2ccnc3cc(CN4C(=O)C5CC5C4=O)sc23)c1O[C@@H]1CCNC[C@@H]1C,IC50,'=',1.1,nM,8.95860731
CHEMBL4292642,573.05,Cn1nc2c(=O)n(CC3(O)CCN(Cc4ccc(-c5ccco5)cc4Cl)CC3)cnc2c1-c1ccc(C(N)=O)cc1,IC50,'=',80.8,nM,7.09258864
CHEMBL4291560,469.01,Cc1cc(Cl)cc(-c2ccnc3cc(CN4C(=O)CCC4=O)sc23)c1CN1CCNCC1,IC50,'=',32,nM,7.49485002
CHEMBL4283787,496.03,Cc1cc(Cl)cc(-c2ccnc3cc(CN4C(=O)C5CC5C4=O)sc23)c1C[C@@H]1CNC[C@@H](C)O1,IC50,'=',0.39,nM,9.40893539
CHEMBL4286062,488.39,C[C@H](CC(=O)N1CCC(O)(Cn2cnc3c(Br)n(C)nc3c2=O)CC1)c1ccccc1,IC50,'=',300,nM,6.52287875
CHEMBL1762621,455.56,C[C@H](CC(=O)N1CCC(O)(Cn2cnc(C#Cc3ccccc3)cc2=O)CC1)c1ccccc1,IC50,'=',2800,nM,5.55284197
CHEMBL4129140,444.58,CSc1nc2ncn(CC3(O)CCN(C(=O)CCc4ccccc4)CC3)c(=O)c2s1,IC50,'=',130000,nM,3.88605665
CHEMBL4125949,384.48,CNc1cc(=O)n(CC2(O)CCN(C(=O)C[C@@H](C)c3ccccc3)CC2)cn1,IC50,'=',4200,nM,5.37675071
CHEMBL4127578,568.6,Cn1nc2c(=O)n(CC3(O)CCN(C(=O)C[C@H](c4ccccc4)C(F)(F)F)CC3)cnc2c1-c1ccc(CN)cc1,IC50,'=',22,nM,7.65757732
CHEMBL510492,514.63,C[C@@H](CC(=O)N1CCC(O)(Cn2cnc3c(-c4ccc(CN)cc4)n(C)nc3c2=O)CC1)c1ccccc1,IC50,'=',2400,nM,5.61978876
CHEMBL5952858,505.7,COC(=O)[C@]12CCC(C)(C)C[C@H]1[C@H]1C(=O)C=C3[C@@]4(C)C=C(C#N)C(=O)C(C)(C)[C@@H]4CC[C@@]3(C)[C@]1(C)CC2,IC50,'=',14080,nM,4.85139735
CHEMBL5912896,469.16,CC(=O)C1=C(O)C(=O)N(CCc2ccc(Cl)c(Cl)c2)C1c1ccc(Br)cc1,IC50,'=',1600,nM,5.79588002
CHEMBL5841985,516.41,O=C(Nc1ccc2c(c1)S(=O)(=O)CC2)c1cc([N+](=O)[O-])c(Sc2c(Cl)cncc2Cl)s1,IC50,'=',130,nM,6.88605665
CHEMBL4294359,305.21,CC(=O)c1cnc(Sc2c(Cl)cncc2Cl)s1,IC50,'=',22570,nM,4.64646844
CHEMBL6037259,318.33,C[C@@]12CCCc3coc(c31)C(=O)c1cc3c(cc12)C(=O)C=CC3=O,IC50,'=',130,nM,6.88605665
CHEMBL169,409.49,C[C@H](CC(=O)N1CCC(O)(Cn2cnc3cn(C)nc3c2=O)CC1)c1ccccc1,IC50,'=',100500,nM,3.99783394
CHEMBL5808808,488.39,C[C@H](CC(=O)N1CCC(O)(Cn2cnc3c(Br)n(C)nc3c2=O)CC1)c1ccccc1,IC50,'=',625,nM,6.20411998
CHEMBL4764732,500.6,C[C@H](CC(=O)N1CCC(O)(Cn2cnc3c(Nc4ccccc4)n(C)nc3c2=O)CC1)c1ccccc1,IC50,'=',100500,nM,3.99783394
CHEMBL4741660,461.48,O=C(c1cnc(C2CC2)o1)N1CCC(O)(Cn2cnc3c(nnn3-c3ccccc3)c2=O)CC1,IC50,'=',100500,nM,3.99783394
CHEMBL6040410,467.61,C[C@H](CC(=O)N1CCC(O)(Cn2cnc(NCCN3CCCC3)cc2=O)CC1)c1ccccc1,IC50,'=',90,nM,7.04575749
CHEMBL5619321,541.65,COc1ccc(-n2ccc3c(=O)n(CC4(O)CCN(C(=O)[C@@H]5CCNC[C@H]5c5ccccc5)CC4)cnc32)cc1,IC50,'=',28.7,nM,7.5421181
CHEMBL5618900,456.71,C[C@H]1[C@H](C)CC[C@]2(C(=O)O)CC[C@]3(C)C(=CC[C@@H]4[C@@]5(C)CC[C@H](O)C(C)(C)[C@@H]5CC[C@]43C)[C@H]12,IC50,'=',7000,nM,5.15490196
CHEMBL6010529,306.37,CCc1c(-c2ccc(O)cc2)cnc(N)c1-c1ccc(O)cc1,IC50,'=',4600,nM,5.33724217
CHEMBL5943523,432.52,C[C@H](CC(=O)N1CCC(O)(Cn2cnc(-c3ccncc3)cc2=O)CC1)c1ccccc1,IC50,'=',100500,nM,3.99783394
CHEMBL5882924,478.48,O=c1c2cnn(-c3ccc(F)cc3)c2ncn1CC1(O)CCN(Cc2ccc([N+](=O)[O-])cc2)CC1,IC50,'=',9000,nM,5.04575749
CHEMBL5912950,492.94,N#Cc1cc(Cl)ccc1CN1CCC(O)(Cn2cnc3c(cnn3-c3ccc(F)cc3)c2=O)CC1,IC50,'=',11400,nM,4.94309515
CHEMBL4092976,406.49,CC(CC(=O)N1CCC(O)(Cn2cnc3cccnc3c2=O)CC1)c1ccccc1,IC50,'=',600,nM,6.22184875
CHEMBL4069137,481.64,Cc1c(NCCN2CCCC2)ncn(CC2(O)CCN(C(=O)C[C@@H](C)c3ccccc3)CC2)c1=O,IC50,'=',100500,nM,3.99783394
CHEMBL4061087,484.6,C[C@H](CC(=O)N1CCC(O)(Cn2cnc3c(ccn3Cc3ccccc3)c2=O)CC1)c1ccccc1,IC50,'=',8283.5,nM,5.08178612
CHEMBL4102930,501.59,COc1ccc(-n2ccc3c(=O)n(CC4(O)CCN(C(=O)CC(C)c5ccncc5)CC4)cnc32)cc1,IC50,'=',2155,nM,5.66655273
CHEMBL4070982,444.58,CSc1nc2ncn(CC3(O)CCN(C(=O)CCc4ccccc4)CC3)c(=O)c2s1,IC50,'=',100500,nM,3.99783394
CHEMBL4865632,455.56,CC(=O)NCCNc1cc(=O)n(CC2(O)CCN(C(=O)C[C@@H](C)c3ccccc3)CC2)cn1,IC50,'=',100500,nM,3.99783394
CHEMBL5204792,454.57,C[C@H](CC(=O)N1CCC(O)(Cn2cnc(N3CCC(O)CC3)cc2=O)CC1)c1ccccc1,IC50,'=',100500,nM,3.99783394
CHEMBL4641424,464.57,C[C@H](CC(=O)N1CCC(O)(Cn2cnc(NCc3ccnn3C)cc2=O)CC1)c1ccccc1,IC50,'=',100500,nM,3.99783394
CHEMBL4781213,442.56,C[C@H](CC(=O)N1CCC(O)(Cn2cnc(OCCN(C)C)cc2=O)CC1)c1ccccc1,IC50,'=',100500,nM,3.99783394
CHEMBL5915642,404.9,C[C@H](CC(=O)N1CCC(O)(Cn2cnc(Cl)c(N)c2=O)CC1)c1ccccc1,IC50,'=',100500,nM,3.99783394
CHEMBL6062303,348.41,CCc1c(-c2ccc(C(=O)NC)nc2)cnc(N)c1-c1ccc(O)cc1,IC50,'=',1340,nM,5.8728952
CHEMBL3182437,439.52,O=C(c1ccccc1)N1CCC(O)(Cn2cnc3c(-c4ccccc4)cccc3c2=O)CC1,IC50,'=',5500,nM,5.25963731
CHEMBL5952825,259.31,CN1CCC(c2noc(-c3ccc(O)cc3)n2)CC1,IC50,'=',79200,nM,4.10127482
CHEMBL5618307,319.36,CC(=O)Nc1cccc(-c2cnc(N)c(-c3ccc(O)cc3)c2)c1,IC50,'=',15100,nM,4.82102305
CHEMBL4129261,290.37,CCc1c(-c2ccccc2)cnc(N)c1-c1ccc(O)cc1,IC50,'=',9600,nM,5.01772877
CHEMBL5559452,330.39,CCc1c(-c2ccc3cn[nH]c3c2)cnc(N)c1-c1ccc(O)cc1,IC50,'=',480,nM,6.31875876
CHEMBL5760590,519.69,O=C(CCc1ccccc1)N1CCC(O)(CN2C=Nc3cc(NCCN4CCCCC4)ccc3C2O)CC1,IC50,'=',36950,nM,4.43238556
CHEMBL5924496,636.02,Cl.Cl.Cn1nc2c(=O)n(CC3(O)CCN(Cc4ccc(C5CCCO5)cc4Cl)CC3)cnc2c1-c1ccc(CN)cc1,IC50,'=',3816,nM,5.41839163
CHEMBL6063059,358.83,Nc1cc(-c2cc(Cl)cc3c2OC(C(=O)N2CCNCC2)C3)ccn1,IC50,'=',5600,nM,5.25181197
CHEMBL5796282,239.28,Cc1ccn2c(-c3ccc(O)cc3)c(N)nc2c1,IC50,'=',27000,nM,4.56863624
CHEMBL5978563,404.37,N#CC1=C(N)Oc2n[nH]c(-c3cccs3)c2C1c1ccc(O)c(C(F)(F)F)c1,IC50,'=',11000,nM,4.95860731
CHEMBL5970550,504.72,COc1ccc(C2C(C#N)=C(N)Oc3n[nH]c(-c4ccc(Cl)cc4)c32)cc1I,IC50,'=',15000,nM,4.82390874
CHEMBL5765254,315.32,CC(=O)c1cc([N+](=O)[O-])c(Sc2ccc(F)cc2F)s1,IC50,'=',8000,nM,5.09691001
CHEMBL6046815,384.49,Cc1cnc(-c2ccccc2C(C)C)nc1NCc1ccc(-n2ccnn2)cc1,IC50,'=',76,nM,7.11918641
CHEMBL4642553,457.72,COc1ccc(C2C(C#N)=C(N)Oc3n[nH]c(-c4ccc(Cl)cc4)c32)cc1Br,IC50,'=',7500,nM,5.12493874
CHEMBL4649132,491.64,C[C@H](CC(=O)N1CCC(O)(Cn2cnc3c(ccn3CCN3CCCC3)c2=O)CC1)c1ccccc1,IC50,'=',7233.5,nM,5.14065151
CHEMBL5806159,514.39,O=C(Nc1ccc2c(c1)S(=O)(=O)C=C2)c1cc([N+](=O)[O-])c(Sc2c(Cl)cncc2Cl)s1,IC50,'=',100,nM,7
CHEMBL4125810,330.86,Cc1cc(C(=O)CN2CCCCC2)c(C)n1-c1ccc(Cl)cc1,IC50,'=',600,nM,6.22184875
CHEMBL4127757,406.49,CC(CC(=O)N1CCC(O)(Cn2cnc3cnccc3c2=O)CC1)c1ccccc1,IC50,'=',5500,nM,5.25963731
CHEMBL4126521,381.44,CC(=O)N1CCC(O)(Cn2cnc3c(-c4ccccc4)n(C)nc3c2=O)CC1,IC50,'=',100500,nM,3.99783394
CHEMBL4128728,440.54,C[C@H](CC(=O)N1CCC(O)(Cn2cnc(NC3(C)COC3)cc2=O)CC1)c1ccccc1,IC50,'=',100500,nM,3.99783394
CHEMBL6014221,571.7,COc1ccc(-n2ncc3c(=O)n(CC4(O)CCN(C(=O)[C@@H]5CC[N+](C)(C)C[C@H]5c5ccccc5)CC4)cnc32)cc1,IC50,'=',860,nM,6.06550155
CHEMBL5944725,583.69,COc1ccc(-n2ccc3c(=O)n(CC4(O)CCN(C(=O)[C@@H]5CCN(C(C)=O)C[C@H]5c5ccccc5)CC4)cnc32)cc1,IC50,'=',96.1,nM,7.01727661
CHEMBL5963550,583.69,COc1cccc(-n2ccc3c(=O)n(CC4(O)CCN(C(=O)[C@@H]5CCN(C(C)=O)C[C@H]5c5ccccc5)CC4)cnc32)c1,IC50,'=',88.4,nM,7.05354773
CHEMBL5840534,609.77,CC(C)(C)CC(=O)N1CC[C@@H](C(=O)N2CCC(O)(Cn3cnc4c(ccn4-c4ccccc4)c3=O)CC2)[C@H](c2ccccc2)C1,IC50,'=',88.5,nM,7.05305673
CHEMBL5204711,668.75,CC(C)(C)OC(=O)N1CC[C@@H](C(=O)N2CCC(O)(Cn3cnc4c(cnn4-c4ccc5c(c4)OC=CO5)c3=O)CC2)[C@H](c2ccccc2)C1,IC50,'=',68.7,nM,7.16304326
CHEMBL5618218,553.66,CC(=O)N1CC[C@@H](C(=O)N2CCC(O)(Cn3cnc4c(ccn4-c4ccccc4)c3=O)CC2)[C@H](c2ccccc2)C1,IC50,'=',406,nM,6.39147397
CHEMBL5619455,497.02,O=C1CCCN1Cc1cc2nccc(-c3cc(Cl)cc4c3O[C@@H](C(=O)N3CCNCC3)C4)c2s1,IC50,'=',26,nM,7.58502665
CHEMBL5990273,579.04,Cc1cc(Cl)cc(-c2ccnc3cc(Cn4c(=O)ccn(CC(F)(F)F)c4=O)sc23)c1O[C@@H]1CCNC[C@@H]1C,IC50,'=',0.26,nM,9.58502665
CHEMBL2159504,297.32,CNC(=O)c1cc(-n2ncc3c2CN(C#N)C3)ccc1OC,IC50,'=',65000,nM,4.18708664
CHEMBL2159508,528.42,CC1=CS(=O)(=O)c2cc(NC(=O)c3cc([N+](=O)[O-])c(Sc4c(Cl)cncc4Cl)s3)ccc21,IC50,'=',170,nM,6.76955108
CHEMBL2159499,408.5,CC(CC(=O)N1CCC(O)(C(C)n2cnn3cccc3c2=O)CC1)c1ccccc1,IC50,'=',200,nM,6.69897
CHEMBL5843204,467.64,CCCc1cc2c(=O)n(C(C)C3(O)CCN(C(=O)CC(C)c4ccccc4)CC3)cnc2s1,IC50,'=',300,nM,6.52287875
CHEMBL4845880,344.42,CCc1c(-c2ccc3c(cnn3C)c2)cnc(N)c1-c1ccc(O)cc1,IC50,'=',2000,nM,5.69897
CHEMBL4846233,368.39,COc1ccc(C2C(C#N)=C(N)Oc3n[nH]c(-c4cccs4)c32)cc1F,IC50,'=',7000,nM,5.15490196
CHEMBL6041778,429.3,COc1ccc(C2C(C#N)=C(N)Oc3n[nH]c(-c4cccs4)c32)cc1Br,IC50,'=',8100,nM,5.09151498
CHEMBL5933655,424.26,COc1ccc(C2C(C#N)=C(N)Oc3n[nH]c(-c4ccccn4)c32)cc1Br,IC50,'=',7900,nM,5.10237291
CHEMBL5949208,473.27,COc1ccc(C2C(C#N)=C(N)Oc3n[nH]c(-c4ccn(C)c4)c32)cc1I,IC50,'=',1310,nM,5.8827287
CHEMBL4785626,676,Cl.Cl.Cn1nc2c(=O)n(CC3(O)CCN(Cc4ccc(-c5ccc(C(=O)O)o5)cc4Cl)CC3)cnc2c1-c1ccc(CN)cc1,IC50,'=',753,nM,6.12320502
CHEMBL5846274,470.57,C[C@H](CC(=O)N1CCC(O)(Cn2cnc3c(ccn3-c3ccccc3)c2=O)CC1)c1ccccc1,IC50,'=',80.6,nM,7.09366496
CHEMBL6006001,514.63,COc1ccc(-n2ccc3c(=O)n(CC4(O)CCN(C(=O)C[C@@H](C)c5ccccc5)CC4)cnc32)c(C)c1,IC50,'=',1045.5,nM,5.98067596
CHEMBL5882620,524.62,COc1ccc2c(=O)n(CC3(O)CCN(C(=O)c4cccc5c4CCN5Cc4ccccc4)CC3)cnc2c1,IC50,'=',5500,nM,5.25963731
CHEMBL5954363,456.33,COc1ccc(NC(=O)c2cc([N+](=O)[O-])c(Sc3c(Cl)cncc3Cl)s2)cc1,IC50,'=',430,nM,6.36653154
CHEMBL4081422,484.41,CS(=O)(=O)c1ccc(NC(=O)c2cc(C#N)c(Sc3c(Cl)cncc3Cl)s2)cc1,IC50,'=',420,nM,6.37675071
CHEMBL5787345,348.23,CC(=O)c1cc([N+](=O)[O-])c(Sc2c(Cl)cccc2Cl)s1,IC50,'=',2200,nM,5.65757732
CHEMBL5865476,533.49,O=C(C[C@@H](C(F)F)n1ccc(F)n1)N1CCC(O)(Cn2cnc3c(cnn3-c3ccc(F)cc3)c2=O)CC1,IC50,'=',52,nM,7.28399666
CHEMBL5939430,330.39,CCc1c(-c2ccc3[nH]ncc3c2)cnc(N)c1-c1ccc(O)cc1,IC50,'=',750,nM,6.12493874
CHEMBL4294482,348.41,CCc1c(-c2ccc(C(=O)NC)nc2)cnc(N)c1-c1ccc(O)cc1,IC50,'=',1340,nM,5.8728952
CHEMBL5798661,508.62,Cc1ccc2c(=O)n(CC3(O)CCN(C(=O)c4ccc5c(c4)CCN5Cc4ccccc4)CC3)cnc2c1,IC50,'=',5500,nM,5.25963731
CHEMBL5847515,505.66,O=C(CCc1ccccc1)N1CCC(O)(CN2C=Nc3cc(NCCN4CCCC4)ccc3C2O)CC1,IC50,'=',4860,nM,5.31336373
CHEMBL5895646,479.63,CN(C)CCNc1ccc2c(c1)N=CN(CC1(O)CCN(C(=O)CCc3ccccc3)CC1)C2O,IC50,'=',5977,nM,5.22351674
CHEMBL5812051,486.56,C[C@H](CC(=O)N1CCC(O)(Cn2cnc(N3CC4(CCC4(F)F)C3)cc2=O)CC1)c1ccccc1,IC50,'=',100500,nM,3.99783394
CHEMBL5755218,466.58,C[C@H](CC(=O)N1CCC(O)(Cn2cnc(N3CC4(CCOC4)C3)cc2=O)CC1)c1ccccc1,IC50,'=',625,nM,6.20411998
CHEMBL6061121,475.59,Cc1nc2c(=O)n(CC3(O)CCN(C(=O)CC(C4CC4)C4CC4)CC3)cnc2n1-c1ccccc1,IC50,'=',100500,nM,3.99783394
CHEMBL5775204,445.56,C[C@H](CC(=O)N1CCC(O)(Cn2cnc(Cc3ccccc3)cc2=O)CC1)c1ccccc1,IC50,'=',100500,nM,3.99783394
CHEMBL6021274,458.5,N#Cc1ccccc1CN1CCC(O)(Cn2cnc3c(cnn3-c3ccc(F)cc3)c2=O)CC1,IC50,'=',8100,nM,5.09151498
CHEMBL6037976,381.43,O=C(CCc1ccccc1)N1CCC(O)(Cn2cnc3occc3c2=O)CC1,IC50,'=',100500,nM,3.99783394
CHEMBL5997331,421.5,C[C@H](CC(=O)N1CCC(O)(C(O)c2cnc3ccccn3c2=O)CC1)c1ccccc1,IC50,'=',100500,nM,3.99783394
CHEMBL4648116,439.56,C[C@H](CC(=O)N1CCC(O)(Cn2cnc(N[C@@H]3CCNC3)cc2=O)CC1)c1ccccc1,IC50,'=',625,nM,6.20411998
CHEMBL4648623,467.57,C[C@H](CC(=O)N1CCC(O)(Cn2cnc(N3CCN(C)C(=O)C3)cc2=O)CC1)c1ccccc1,IC50,'=',100500,nM,3.99783394
CHEMBL4633860,481.64,C[C@H](CC(=O)N1CCC(O)(Cn2cnc(N[C@@H](C)CN3CCCC3)cc2=O)CC1)c1ccccc1,IC50,'=',625,nM,6.20411998
CHEMBL4643112,320.39,CCCc1c(-c2ccc(O)cc2)cnc(N)c1-c1ccc(O)cc1,IC50,'=',13600,nM,4.86646109
CHEMBL4740119,330.39,CCc1c(-c2ccc3[nH]ncc3c2)cnc(N)c1-c1ccc(O)cc1,IC50,'=',750,nM,6.12493874
CHEMBL4755647,485.59,C[C@H](CC(=O)N1CCC(O)(Cn2cnc3c(nc(-c4ccccc4)n3C)c2=O)CC1)c1ccccc1,IC50,'=',100500,nM,3.99783394
CHEMBL2159500,405.5,C[C@H](CC(=O)N1CCC(O)(Cc2cnc3ccccn3c2=O)CC1)c1ccccc1,IC50,'=',100500,nM,3.99783394
CHEMBL4792948,517.55,O=C([C@@H]1CCN(CC(F)(F)F)C[C@H]1c1ccccc1)N1CCC(O)(Cn2cnc3[nH]ccc3c2=O)CC1,IC50,'=',1200,nM,5.92081875
CHEMBL4746931,449.56,C=C(C)c1c2ncn(CC3(O)CCN(C(=O)C[C@@H](C)c4ccccc4)CC3)c(=O)c2nn1C,IC50,'=',625,nM,6.20411998
CHEMBL4745914,477.61,CC(C)Cn1cc(-c2cc(=O)n(CC3(O)CCN(C(=O)C[C@@H](C)c4ccccc4)CC3)cn2)cn1,IC50,'=',625,nM,6.20411998
CHEMBL4761706,403.91,Cc1c(Cl)ncn(CC2(O)CCN(C(=O)C[C@@H](C)c3ccccc3)CC2)c1=O,IC50,'=',100500,nM,3.99783394
CHEMBL4743789,453.59,C[C@H](CC(=O)N1CCC(O)(Cn2cnc(N3CCC[C@H](N)C3)cc2=O)CC1)c1ccccc1,IC50,'=',625,nM,6.20411998
CHEMBL4743043,455.6,CC(C)NCCNc1cc(=O)n(CC2(O)CCN(C(=O)C[C@@H](C)c3ccccc3)CC2)cn1,IC50,'=',625,nM,6.20411998
CHEMBL5558197,467.61,C[C@H](CC(=O)N1CCC(O)(Cn2cnc(NC3CCCC[C@H]3N)cc2=O)CC1)c1ccccc1,IC50,'=',625,nM,6.20411998
CHEMBL1410015,467.61,C[C@H](CC(=O)N1CCC(O)(Cn2cnc(N[C@@H]3CCCC[C@@H]3N)cc2=O)CC1)c1ccccc1,IC50,'=',625,nM,6.20411998
CHEMBL5882839,433.51,C[C@H](CC(=O)N1CCC(O)(Cn2cnc(-c3cncnc3)cc2=O)CC1)c1ccccc1,IC50,'=',100500,nM,3.99783394
CHEMBL5867785,453.59,C[C@H](CC(=O)N1CCC(O)(Cn2cnc(N3CCN(C)CC3)cc2=O)CC1)c1ccccc1,IC50,'=',100500,nM,3.99783394
CHEMBL5184307,525.53,O=C(C[C@H](c1ccccc1)C(F)(F)F)N1CCC(O)(Cn2cnc3c(ncn3-c3ccccc3)c2=O)CC1,IC50,'=',625,nM,6.20411998
CHEMBL4867007,504.64,C[C@H](CC(=O)N1CCC(O)(Cn2cnc(N3CCC(c4ccn[nH]4)CC3)cc2=O)CC1)c1ccccc1,IC50,'=',100500,nM,3.99783394
CHEMBL4859149,534.04,Cn1nc2c(c1[C@H]1Cc3cc(Cl)cc(-c4ccnc5cc(CN6C(=O)CCC6=O)sc45)c3O1)CNCC2,IC50,'=',1.1,nM,8.95860731
CHEMBL5795817,496.03,Cc1cc(Cl)cc(-c2ccnc3cc(CN4C(=O)C5CC5C4=O)sc23)c1C[C@H]1OCCN[C@@H]1C,IC50,'=',1.5,nM,8.82390874
CHEMBL5912642,405.5,CC(Cc1ccccc1)C(=O)N1CCC(O)(Cn2cnc3ccccc3c2=O)CC1,IC50,'=',8200,nM,5.08618615
CHEMBL5190211,473.96,Cc1cc(Cl)cc(-c2ccnc3cc(CN4C(=O)CCC4=O)sc23)c1OCC1(F)CNC1,IC50,'=',1.5,nM,8.82390874
CHEMBL4859310,508.09,Cc1cc(Cl)cc(-c2ccnc3cc(CN4C(=O)C5C(C4=O)C5(C)C)sc23)c1CC1CCCNC1,IC50,'=',1.3,nM,8.88605665
CHEMBL4869195,253.31,CN(C)c1nc2ccccn2c1-c1ccc(O)cc1,IC50,'=',24000,nM,4.61978876
CHEMBL4850540,239.28,CNc1nc2ccccn2c1-c1ccc(O)cc1,IC50,'=',16000,nM,4.79588002
CHEMBL5201127,349.22,CC(=O)c1cc([N+](=O)[O-])c(Sc2c(Cl)cncc2Cl)s1,IC50,'=',2000,nM,5.69897
CHEMBL5169655,267.29,CC(=O)Nc1nc2ccccn2c1-c1ccc(O)cc1,IC50,'=',34000,nM,4.46852108
CHEMBL4288150,225.25,Nc1nc2ccccn2c1-c1ccc(O)cc1,IC50,'=',24000,nM,4.61978876
CHEMBL5182862,293.25,Nc1nc2ccc(C(F)(F)F)cn2c1-c1ccc(O)cc1,IC50,'=',48000,nM,4.31875876
CHEMBL2159505,293.25,Nc1nc2cc(C(F)(F)F)ccn2c1-c1ccc(O)cc1,IC50,'=',42000,nM,4.37675071
CHEMBL4064074,239.28,Cc1ccc2nc(N)c(-c3ccc(O)cc3)n2c1,IC50,'=',39000,nM,4.40893539
CHEMBL4091535,546.83,O=c1c2cnn(-c3ccc(F)cc3)c2ncn1CC1(O)CCN(Cc2ccc(Br)cc2Cl)CC1,IC50,'=',1900,nM,5.7212464
CHEMBL4100447,308.34,O=[N+]([O-])c1ccc2c(c1)C1C=CCC1C(c1ccc(O)cc1)N2,IC50,'=',92,nM,7.03621217
CHEMBL5834305,300.38,Cc1cc(C(=O)CN2CCCC2)c(C)n1-c1ccc(F)cc1,IC50,'=',12300,nM,4.91009489
CHEMBL5961400,397.52,CC(C)c1cc(=O)n(CC2(O)CCN(C(=O)C[C@@H](C)c3ccccc3)CC2)cn1,IC50,'=',100500,nM,3.99783394
CHEMBL5779869,414.51,C[C@H](CC(=O)N1CCC(O)(Cn2cnc(NCCO)cc2=O)CC1)c1ccccc1,IC50,'=',100500,nM,3.99783394
CHEMBL5819713,660.05,CCNCc1ccc(-c2c3ncn(CC4(O)CCN(Cc5ccc(-c6ccco6)cc5Cl)CC4)c(=O)c3nn2C)cc1.Cl.Cl,IC50,'=',15.2,nM,7.81815641
CHEMBL5814883,439.94,CC(CC(=O)N1CCC(O)(Cn2cnc3cc(Cl)ccc3c2=O)CC1)c1ccccc1,IC50,'=',6788,nM,5.16825817
CHEMBL4287721,470.37,O=C(CCc1ccccc1)N1CCC(O)(Cn2cnc3cc(Br)ccc3c2=O)CC1,IC50,'=',27410,nM,4.56209096
CHEMBL4280922,545.61,Cn1nc2c(=O)n(CC3(O)CCN(C(=O)C[C@H](c4ccccc4)C(F)(F)F)CC3)cnc2c1C1CCCCC1,IC50,'=',625,nM,6.20411998
CHEMBL4287543,454.57,COCC1CN(c2cc(=O)n(CC3(O)CCN(C(=O)C[C@@H](C)c4ccccc4)CC3)cn2)C1,IC50,'=',100500,nM,3.99783394
CHEMBL4743762,587.12,CN(C)Cc1ccc(-c2c3ncn(CC4(O)CCN(Cc5ccc(-c6ccco6)cc5Cl)CC4)c(=O)c3nn2C)cc1,IC50,'=',130.9,nM,6.88306035
CHEMBL4781815,512.65,O=C(CCc1ccccc1)N1CCC(O)(CN2C=Nc3cc(NCCc4ccccc4)ccc3C2O)CC1,IC50,'=',15310,nM,4.81502481
CHEMBL5943308,491.77,Nc1cc(Br)ccc1C(=O)N1CCC(O)(Cn2cnc3cc(Cl)ccc3c2=O)CC1,IC50,'=',46300,nM,4.33441901
CHEMBL5984472,493.65,CC(CC(=O)N1CCC(O)(CN2C=Nc3cc(NCCN(C)C)ccc3C2O)CC1)c1ccccc1,IC50,'=',595,nM,6.22548303
CHEMBL4284163,505.66,O=C(CCc1ccccc1)N1CCC(O)(CN2C=Nc3cc(NCCN4CCCC4)ccc3C2O)CC1,IC50,'=',5048,nM,5.29688065
CHEMBL4283226,596.03,Cn1nc2c(=O)n(CC3(O)CCN(Cc4ccc(-c5ccco5)cc4Cl)CC3)cnc2c1-c1ccc(OC(F)F)cc1,IC50,'=',179.2,nM,6.74666199
CHEMBL5944399,682.51,Cl.Cl.Cn1nc2c(=O)n(CC3(O)CCN(Cc4ccc(-c5ccsc5Cl)cc4Cl)CC3)cnc2c1-c1ccc(CN)cc1,IC50,'=',453.3,nM,6.34361428
CHEMBL6010764,514.63,C[C@H](CC(=O)N1CCC(O)(Cn2cnc3c(-c4ccc(CN)cc4)n(C)nc3c2=O)CC1)c1ccccc1,IC50,'=',18.3,nM,7.73754891
CHEMBL4642862,573.1,CNCc1ccc(-c2c3ncn(CC4(O)CCN(Cc5ccc(-c6ccco6)cc5Cl)CC4)c(=O)c3nn2C)cc1,IC50,'=',7.6,nM,8.11918641
CHEMBL4097876,504.4,CS(=O)(=O)c1ccc(NC(=O)c2cc([N+](=O)[O-])c(Sc3c(Cl)cncc3Cl)s2)cc1,IC50,'=',400,nM,6.39794001
CHEMBL4125715,244.29,Oc1ccc(-c2nc(C3CCNCC3)co2)cc1,IC50,'=',85200,nM,4.06956041
CHEMBL4643800,296.76,Nc1ncc(-c2ccccc2Cl)cc1-c1ccc(O)cc1,IC50,'=',33200,nM,4.47886192
CHEMBL4635798,278.31,Nc1ncc(-c2ccc(O)cc2)cc1-c1ccc(O)cc1,IC50,'=',11100,nM,4.95467702
CHEMBL4638688,468.6,C[C@H](CC(=O)N1CCC(O)(Cn2cnc(NCC3CCOCC3)cc2=O)CC1)c1ccccc1,IC50,'=',100500,nM,3.99783394
CHEMBL2159495,428.51,C[C@H](CC(=O)N1CCC(O)(Cn2cnc(N3CC(F)C3)cc2=O)CC1)c1ccccc1,IC50,'=',100500,nM,3.99783394
CHEMBL5276142,480.61,C[C@H](CC(=O)N1CCC(O)(Cn2cnc(N3CCC4(CC3)COC4)cc2=O)CC1)c1ccccc1,IC50,'=',100500,nM,3.99783394
CHEMBL6005038,436.52,O=C(CCC1CCC1)N1CCC(O)(Cn2cnc3c(nnn3-c3ccccc3)c2=O)CC1,IC50,'=',100500,nM,3.99783394
CHEMBL5855322,474.52,Cn1nc2c(=O)n(CC3(O)CCN(C(=O)c4cnc(C5CC5)o4)CC3)cnc2c1-c1ccccc1,IC50,'=',100500,nM,3.99783394
CHEMBL5558202,515.61,C[C@H](CC(=O)N1CCC(O)(Cn2cnc3c(-c4ccc(CO)cc4)n(C)nc3c2=O)CC1)c1ccccc1,IC50,'=',40,nM,7.39794001
CHEMBL4280518,446.55,C[C@H](CC(=O)N1CCC(O)(Cn2cnc(Nc3ccccc3)cc2=O)CC1)c1ccccc1,IC50,'=',1900,nM,5.7212464
CHEMBL465158,455.6,C[C@H](CC(=O)N1CCC(O)(Cn2cnc(N(C)CCN(C)C)cc2=O)CC1)c1ccccc1,IC50,'=',390,nM,6.40893539
CHEMBL5842767,485.92,O=c1c2cnn(-c3ccc(F)cc3)c2ncn1CC1(O)CCN(Cc2ccc(F)cc2Cl)CC1,IC50,'=',1600,nM,5.79588002
CHEMBL6043342,502.38,O=c1c2cnn(-c3ccc(F)cc3)c2ncn1CC1(O)CCN(Cc2ccc(Cl)cc2Cl)CC1,IC50,'=',3300,nM,5.48148606
CHEMBL5800506,502.58,Cn1nc2c(=O)n(CC3(O)CCN(C(=O)OCc4ccccc4)CC3)cnc2c1-c1ccc(CN)cc1,IC50,'=',100500,nM,3.99783394
CHEMBL5619619,509.65,CC(=O)N(CCN1CCCC1)c1cc(=O)n(CC2(O)CCN(C(=O)C[C@@H](C)c3ccccc3)CC2)cn1,IC50,'=',100500,nM,3.99783394
CHEMBL5619306,476.4,O=C(CCc1ccccc1)N1CCC(O)(Cn2cnc3c(Br)csc3c2=O)CC1,IC50,'=',13000,nM,4.88605665
CHEMBL5618177,485.59,C[C@H](CC(=O)N1CCC(O)(Cn2cnc3c(-c4ccccc4)n(C)nc3c2=O)CC1)c1ccccc1,IC50,'=',30,nM,7.52287875
CHEMBL5197531,514.63,C[C@H](CC(=O)N1CCC(O)(Cn2cnc3c(-c4ccc(CN)cc4)n(C)nc3c2=O)CC1)c1ccccc1,IC50,'=',6,nM,8.22184875
CHEMBL5206931,588.66,Cc1ccc([C@@H](CC(=O)N2CCC(O)(Cn3cnc4c(-c5ccc(CN)cc5)n(C)nc4c3=O)CC2)C(F)(F)F)s1,IC50,'=',625,nM,6.20411998
CHEMBL5206701,484.94,CC1(C(=O)N2CCC(O)(Cn3cnc4c(cc(Cl)n4-c4ccc5c(c4)OCO5)c3=O)CC2)CC1,IC50,'=',625,nM,6.20411998
CHEMBL5195547,510.06,Cc1cc(Cl)cc(-c2ccnc3cc(CN4C(=O)C5C(C4=O)C5(C)C)sc23)c1OC1CCCNC1,IC50,'=',2.4,nM,8.61978876
CHEMBL5182320,459.31,O=C(NCc1cccc(F)c1)c1nc([N+](=O)[O-])c(Sc2c(Cl)cncc2Cl)s1,IC50,'=',1350,nM,5.86966623
CHEMBL5190847,423.52,CC(CC(=O)N1CCC(O)(C(C)n2cnc3c(cnn3C)c2=O)CC1)c1ccccc1,IC50,'=',200,nM,6.69897
CHEMBL5205461,429.93,O=C([C@H]1Cc2cc(Cl)cc(-c3ccnc4cc(CO)sc34)c2O1)N1CCNCC1,IC50,'=',43,nM,7.36653154
CHEMBL5969226,469.99,Cc1cc(Cl)cc(-c2ccnc3cc(CN4C(=O)CCC4=O)sc23)c1O[C@H]1CCCNC1,IC50,'=',4.6,nM,8.33724217
CHEMBL5791630,483.04,Cc1cc(Cl)cc(-c2ccnc3cc(CN4C(=O)CCC4=O)sc23)c1CN1CCNC[C@@H]1C,IC50,'=',6.6,nM,8.18045606
CHEMBL5821878,348.23,CC(=O)c1cc([N+](=O)[O-])c(Sc2cccc(Cl)c2Cl)s1,IC50,'=',4200,nM,5.37675071
CHEMBL5984654,337.42,Cc1cc(C(=O)CN2CCC(O)CC2)c(C)n1-c1ccc(C#N)cc1,IC50,'=',830,nM,6.08092191
CHEMBL5619972,546.51,C[C@H](CC(=O)N1CCC(O)(Cn2cnc(NCCN3CCCC3)c(Br)c2=O)CC1)c1ccccc1,IC50,'=',100500,nM,3.99783394
CHEMBL5619734,557.74,C[C@H](CC(=O)N1CCC(O)(Cn2cnc(N[C@@H](Cc3ccccc3)CN3CCCC3)cc2=O)CC1)c1ccccc1,IC50,'=',100500,nM,3.99783394
CHEMBL5619902,514.63,CC(CC(=O)N1CCC(O)(Cn2cnc3c(-c4ccc(CN)cc4)n(C)nc3c2=O)CC1)c1ccccc1,IC50,'=',1.5,nM,8.82390874
CHEMBL5618574,551.05,COC(=O)c1ccc(CN2CCC(O)(Cn3cnc4c(-c5ccc(CN)cc5)n(C)nc4c3=O)CC2)c(Cl)c1,IC50,'=',40.8,nM,7.38933984
CHEMBL4548694,490.42,C[C@@H](CC(=O)N1CCC(O)(Cn2cnc3c(Br)csc3c2=O)CC1)c1ccccc1,IC50,'=',46000,nM,4.33724217
CHEMBL4100573,248.32,C=C1C(=O)O[C@@H]2[C@H]3O[C@]3(C)CC/C=C(\C)CC[C@@H]12,IC50,'=',6580,nM,5.18177411
CHEMBL4062409,455.6,C[C@H](CC(=O)N1CCC(O)(Cn2cnc(N(C)CCN(C)C)cc2=O)CC1)c1ccccc1,IC50,'=',625,nM,6.20411998
CHEMBL6024099,425.53,C[C@H](CC(=O)N1CCC(O)(Cn2cnc(N3CC(N)C3)cc2=O)CC1)c1ccccc1,IC50,'=',625,nM,6.20411998
CHEMBL5748027,409.49,C[C@H](CC(=O)N1CCC(O)(Cn2cnc3c(ncn3C)c2=O)CC1)c1ccccc1,IC50,'=',100500,nM,3.99783394
CHEMBL5849429,449.56,C=C(C)[C@H](C)CC(=O)N1CCC(O)(Cn2cnc3c(-c4ccccc4)n(C)nc3c2=O)CC1,IC50,'=',625,nM,6.20411998
CHEMBL6049857,500.6,COc1ccc(-n2ccc3c(=O)n(CC4(O)CCN(C(=O)C[C@@H](C)c5ccccc5)CC4)cnc32)cc1,IC50,'=',49.6,nM,7.30451832
CHEMBL5745513,488.56,C[C@H](CC(=O)N1CCC(O)(Cn2cnc3c(ccn3-c3ccc(F)cc3)c2=O)CC1)c1ccccc1,IC50,'=',87.7,nM,7.05700041
CHEMBL5803987,538.57,C[C@H](CC(=O)N1CCC(O)(Cn2cnc3c(ccn3-c3ccc(C(F)(F)F)cc3)c2=O)CC1)c1ccccc1,IC50,'=',738.9,nM,6.13141433
CHEMBL5976942,648.06,Cl.Cl.Cn1nc2c(=O)n(CC3(O)CCN(Cc4ccc(-c5cccs5)cc4Cl)CC3)cnc2c1-c1ccc(CN)cc1,IC50,'=',38.6,nM,7.4134127
CHEMBL5183066,631.01,Cl.Cl.Cn1nc2c(=O)n(CC3(O)CCN(Cc4ccc(-c5ccc[nH]5)cc4Cl)CC3)cnc2c1-c1ccc(CN)cc1,IC50,'=',192.5,nM,6.71556927
CHEMBL5620005,632,Cl.Cl.Cn1nc2c(=O)n(CC3(O)CCN(Cc4ccc(-n5ccnc5)cc4Cl)CC3)cnc2c1-c1ccc(CN)cc1,IC50,'=',228.4,nM,6.6413039
CHEMBL5619953,643.02,Cl.Cl.Cn1nc2c(=O)n(CC3(O)CCN(Cc4ccc(-c5ccncc5)cc4Cl)CC3)cnc2c1-c1ccc(CN)cc1,IC50,'=',257.3,nM,6.58956021
CHEMBL5618911,631.99,Cl.Cl.Cn1nc2c(=O)n(CC3(O)CCN(Cc4ccc(-c5ccoc5)cc4Cl)CC3)cnc2c1-c1ccc(CN)cc1,IC50,'=',176.81,nM,6.75249318
CHEMBL5619087,632.04,Cl.Cl.Cn1nc2c(=O)n(CC3(O)CCN(Cc4ccc(C5=CCCC5)cc4Cl)CC3)cnc2c1-c1ccc(CN)cc1,IC50,'=',76.9,nM,7.11407366
CHEMBL4281848,598.03,Cn1nc2c(=O)n(CC3(O)CCN(Cc4ccc(-c5ccco5)cc4Cl)CC3)cnc2c1-c1ccc(C(F)(F)F)cc1,IC50,'=',530.2,nM,6.27556028
CHEMBL4286591,454.57,C[C@H](CC(=O)N1CCC(O)(Cn2cnc(N3CCC[C@@H]3CO)cc2=O)CC1)c1ccccc1,IC50,'=',100500,nM,3.99783394
CHEMBL4294967,474.55,C[C@H](CC(=O)N1CCC(O)(Cn2cnc(N3CCC(F)(F)CC3)cc2=O)CC1)c1ccccc1,IC50,'=',100500,nM,3.99783394
CHEMBL4292144,455.56,C[C@H](CC(=O)N1CCC(O)(Cn2cnc(NCC(=O)N(C)C)cc2=O)CC1)c1ccccc1,IC50,'=',100500,nM,3.99783394
CHEMBL5555035,491.49,O=C(c1ccc(F)cc1)N1CCC(O)(Cn2cnc3c(Oc4ccc(F)cc4)cccc3c2=O)CC1,IC50,'=',5500,nM,5.25963731
CHEMBL6051454,365.37,N#CC1=C(N)Oc2n[nH]c(-c3cccs3)c2C1c1ccc([N+](=O)[O-])cc1,IC50,'=',33000,nM,4.48148606
CHEMBL5965534,474.57,C[C@H](CC(=O)N1CCC(O)(Cn2cnc3c(ccn3-c3cnn(C)c3)c2=O)CC1)c1ccccc1,IC50,'=',339.2,nM,6.46954416
CHEMBL6002885,528.61,C[C@H](CC(=O)N1CCC(O)(Cn2cnc3c(ccn3-c3ccc4c(c3)OCCO4)c2=O)CC1)c1ccccc1,IC50,'=',56.4,nM,7.2487209
CHEMBL5558070,535.04,COc1ccc(-n2c(Cl)cc3c(=O)n(CC4(O)CCN(C(=O)C[C@@H](C)c5ccccc5)CC4)cnc32)cc1,IC50,'=',85.8,nM,7.06651271
CHEMBL4085645,499.62,C[C@H](CC(=O)N1CCC(O)(Cn2cnc3c(ccn3-c3ccc(CN)cc3)c2=O)CC1)c1ccccc1,IC50,'=',23.3,nM,7.63264408
CHEMBL4076471,574.73,C[C@H](CC(=O)N1CCC(O)(Cn2cnc3cc(NC(=O)CCN4CCN(C)CC4)ccc3c2=O)CC1)c1ccccc1,IC50,'=',90,nM,7.04575749
CHEMBL4090799,422.32,CCCC(=O)OC(C)c1nc([N+](=O)[O-])c(Sc2c(Cl)cncc2Cl)s1,IC50,'=',4490,nM,5.34775366
CHEMBL4079672,352.22,CC(O)c1nc([N+](=O)[O-])c(Sc2c(Cl)cncc2Cl)s1,IC50,'=',6950,nM,5.1580152
CHEMBL4292244,421.5,Cn1nc2c(=O)n(CC3(O)CCN(C(=O)C4(C)CC4)CC3)cnc2c1-c1ccccc1,IC50,'=',100500,nM,3.99783394
CHEMBL4276903,385.46,COc1cc(=O)n(CC2(O)CCN(C(=O)C[C@@H](C)c3ccccc3)CC2)cn1,IC50,'=',100500,nM,3.99783394
CHEMBL4291074,481.6,C[C@H](CC(=O)N1CCC(O)(Cc2cnc3c(-c4ccccc4)cccn3c2=O)CC1)c1ccccc1,IC50,'=',100500,nM,3.99783394
CHEMBL4282783,493.65,C[C@H](CC(=O)N1CCC(O)(Cn2cnc(N3CCC4(CCNC4)CC3)cc2=O)CC1)c1ccccc1,IC50,'=',625,nM,6.20411998
CHEMBL4279330,479.63,C[C@H](CC(=O)N1CCC(O)(Cn2cnc(/C=C/CN3CC[C@@H](N)C3)cc2=O)CC1)c1ccccc1,IC50,'=',100500,nM,3.99783394
CHEMBL4284325,467.61,C[C@H](CC(=O)N1CCC(O)(Cn2cnc(NC[C@@H]3CCCN3C)cc2=O)CC1)c1ccccc1,IC50,'=',100500,nM,3.99783394
CHEMBL4126574,355.44,C[C@H](CC(=O)N1CCC(O)(Cn2cnccc2=O)CC1)c1ccccc1,IC50,'=',100500,nM,3.99783394
CHEMBL4101600,392.5,C[C@H](CC(=O)N1CCC(O)(CN2C(=O)Cc3ccccc32)CC1)c1ccccc1,IC50,'=',100500,nM,3.99783394
CHEMBL4288834,646.02,Cl.Cl.Cn1cc(-c2ccc(CN3CCC(O)(Cn4cnc5c(-c6ccc(CN)cc6)n(C)nc5c4=O)CC3)c(Cl)c2)cn1,IC50,'=',290.9,nM,6.53625628
CHEMBL4282043,479.63,C[C@H](CC(=O)N1CCC(O)(Cn2cnc3c(ccn3CCCN(C)C)c2=O)CC1)c1ccccc1,IC50,'=',1128.7,nM,5.94742147
CHEMBL4280723,477.61,C[C@H](CC(=O)N1CCC(O)(Cn2cnc3c(ccn3C[C@@H]3CCCN3)c2=O)CC1)c1ccccc1,IC50,'=',1662.5,nM,5.77923835
CHEMBL4288626,536.58,C[C@H](CC(=O)N1CCC(O)(Cn2cnc3c(ccn3-c3ccc(OC(F)F)cc3)c2=O)CC1)c1ccccc1,IC50,'=',146.6,nM,6.83386603
CHEMBL4292475,554.57,C[C@H](CC(=O)N1CCC(O)(Cn2cnc3c(ccn3-c3ccc(OC(F)(F)F)cc3)c2=O)CC1)c1ccccc1,IC50,'=',598.1,nM,6.2232262
CHEMBL4289604,491.59,C[C@H](CC(=O)N1CCC(O)(Cn2cnc3c(C#CC(C)(C)O)n(C)nc3c2=O)CC1)c1ccccc1,IC50,'=',300,nM,6.52287875
CHEMBL4287139,451.57,CC(C)c1c2ncn(CC3(O)CCN(C(=O)C[C@@H](C)c4ccccc4)CC3)c(=O)c2nn1C,IC50,'=',560,nM,6.25181197
CHEMBL5191200,542.68,C[C@H](CC(=O)N1CCC(O)(Cn2cnc3c(-c4cccc(CN(C)C)c4)n(C)nc3c2=O)CC1)c1ccccc1,IC50,'=',75,nM,7.12493874
CHEMBL5207522,483.61,C[C@H](CC(=O)N1CCC(O)(Cn2cnc(NCCN3CCOCC3)cc2=O)CC1)c1ccccc1,IC50,'=',1400,nM,5.85387196
CHEMBL5169772,927.07,C[C@H](CC(=O)N1CCC(O)(Cn2cnc3cc(NC(=O)CCC4CCN(C(=O)C5CCN(c6ccc7c(c6)C(=O)N(C6CCC(=O)NC6=O)C7=O)CC5)CC4)ccc3c2=O)CC1)c1ccccc1,IC50,'=',1600,nM,5.79588002
CHEMBL5191578,479.63,C[C@H](CC(=O)N1CCC(O)(Cn2cnc(N3CC4(CCCN4C)C3)cc2=O)CC1)c1ccccc1,IC50,'=',625,nM,6.20411998
CHEMBL5199137,466.93,Cn1cc(C(=O)N2CCC(O)(Cn3cnc4c(cc(Cl)n4-c4ccccc4)c3=O)CC2)cn1,IC50,'=',625,nM,6.20411998
CHEMBL6048527,507.64,C[C@H](CC(=O)N1CCC(O)(Cn2cnc(N3CC(C(=O)NCC4CC4)C3)cc2=O)CC1)c1ccccc1,IC50,'=',100500,nM,3.99783394
CHEMBL4863911,315.32,CC(=O)c1cc([N+](=O)[O-])c(Sc2ccc(F)cc2F)s1,IC50,'=',8000,nM,5.09691001
CHEMBL4097744,574.73,C[C@H](CC(=O)N1CCC(O)(Cn2cnc3cc(NC(=O)CCN4CCN(C)CC4)ccc3c2=O)CC1)c1ccccc1,IC50,'=',90,nM,7.04575749
CHEMBL4787231,292.34,O=[N+]([O-])c1ccc2c(c1)C1C=CCC1C(c1ccccc1)N2,IC50,'=',739,nM,6.13135556
CHEMBL4742897,231.25,Oc1ccc(-c2nc(C3CCNC3)no2)cc1,IC50,'=',132000,nM,3.87942607
CHEMBL4777381,320.39,CC(C)c1c(-c2ccc(O)cc2)cnc(N)c1-c1ccc(O)cc1,IC50,'=',21400,nM,4.66958623
CHEMBL5619386,330.39,CCc1c(-c2ccc(O)cc2)cnc(N)c1-c1ccc2[nH]ncc2c1,IC50,'=',610,nM,6.21467016
CHEMBL5723354,262.28,Oc1ccc(-c2ncc(C3CCNCC3)o2)c(F)c1,IC50,'=',18400,nM,4.73518218
CHEMBL5723362,381.43,O=C(CCc1ccccc1)N1CCC(O)(Cn2cnc3ccoc3c2=O)CC1,IC50,'=',115000,nM,3.93930216
CHEMBL5892530,476.4,O=C(CCc1ccccc1)N1CCC(O)(Cn2cnc3scc(Br)c3c2=O)CC1,IC50,'=',34000,nM,4.46852108
CHEMBL5915293,475.55,C[C@H](CC(=O)N1CCC(O)(Cn2cnc3c(-c4ccn[nH]4)n(C)nc3c2=O)CC1)c1ccccc1,IC50,'=',35,nM,7.45593196
CHEMBL5926680,503.58,C[C@H](CC(=O)N1CCC(O)(Cn2cnc3c(-c4ccccc4F)n(C)nc3c2=O)CC1)c1ccccc1,IC50,'=',90,nM,7.04575749
CHEMBL5188392,510.6,C[C@H](CC(=O)N1CCC(O)(Cn2cnc3c(-c4cccc(C#N)c4)n(C)nc3c2=O)CC1)c1ccccc1,IC50,'=',150,nM,6.82390874
CHEMBL4790525,584.72,C[C@H](CC(=O)N1CCC(O)(Cn2cnc3c(-c4cccc(CN5CCOCC5)c4)n(C)nc3c2=O)CC1)c1ccccc1,IC50,'=',250,nM,6.60205999
CHEMBL4744346,419.96,O=C(Nc1cccc(CN2CCCC2)c1)c1ccc2nc3c(c(Cl)c2c1)CCCC3,IC50,'=',8200,nM,5.08618615
CHEMBL4780764,348.23,CC(=O)c1cc([N+](=O)[O-])c(Sc2cccc(Cl)c2Cl)s1,IC50,'=',4200,nM,5.37675071
CHEMBL4786327,292.34,Cc1c(-c2ccc(O)cc2)cnc(N)c1-c1ccc(O)cc1,IC50,'=',7600,nM,5.11918641
CHEMBL4847805,397.5,O=C(CCc1ccccc1)N1CCC(O)(Cn2cnc3ccsc3c2=O)CC1,IC50,'=',78000,nM,4.1079054
CHEMBL5618195,395.46,Cn1ncc2c(=O)n(CC3(O)CCN(C(=O)CCc4ccccc4)CC3)cnc21,IC50,'=',32000,nM,4.49485002
CHEMBL5619563,421.52,C#Cc1csc2c(=O)n(CC3(O)CCN(C(=O)CCc4ccccc4)CC3)cnc12,IC50,'=',8000,nM,5.09691001
CHEMBL5798299,473.6,O=C(CCc1ccccc1)N1CCC(O)(Cn2cnc3c(-c4ccccc4)csc3c2=O)CC1,IC50,'=',10000,nM,5
CHEMBL5754257,433.51,C#Cc1c2ncn(CC3(O)CCN(C(=O)C[C@@H](C)c4ccccc4)CC3)c(=O)c2nn1C,IC50,'=',240,nM,6.61978876
CHEMBL6056533,449.56,C=C(C)c1c2ncn(CC3(O)CCN(C(=O)C[C@@H](C)c4ccccc4)CC3)c(=O)c2nn1C,IC50,'=',330,nM,6.48148606
CHEMBL5884162,501.59,C[C@H](CC(=O)N1CCC(O)(Cn2cnc3c(-c4cccc(O)c4)n(C)nc3c2=O)CC1)c1ccccc1,IC50,'=',39,nM,7.40893539
CHEMBL5916706,455.6,C[C@H](CC(=O)N1CCC(O)(Cn2cnc(NCCCN(C)C)cc2=O)CC1)c1ccccc1,IC50,'=',1100,nM,5.95860731
CHEMBL5897803,632.98,Cl.Cl.Cn1nc2c(=O)n(CC3(O)CCN(Cc4ccc(-c5ncco5)cc4Cl)CC3)cnc2c1-c1ccc(CN)cc1,IC50,'=',1122,nM,5.95000714
CHEMBL5900532,649.97,Cl.Cl.Cn1nc2c(=O)n(CC3(O)CCN(Cc4ccc(-c5n[nH]c(=O)o5)cc4Cl)CC3)cnc2c1-c1ccc(CN)cc1,IC50,'=',170.6,nM,6.76802097
CHEMBL6051255,633.97,Cl.Cl.Cn1nc2c(=O)n(CC3(O)CCN(Cc4ccc(-c5ncon5)cc4Cl)CC3)cnc2c1-c1ccc(CN)cc1,IC50,'=',73.6,nM,7.13312219
CHEMBL6010464,672.06,Cl.Cl.Cn1nc2c(=O)n(CC3(O)CCN(Cc4ccc(-c5ccco5)cc4Cl)CC3)cnc2c1-c1ccc(CNC2CC2)cc1,IC50,'=',54.1,nM,7.26680273
CHEMBL5768722,673.62,Cl.Cn1nc2c(=O)n(CC3(O)CCN(Cc4ccc(-c5ccco5)cc4Cl)CC3)cnc2c1-c1ccc(CNS(C)(=O)=O)cc1,IC50,'=',65.3,nM,7.18508682
CHEMBL5885486,210.24,N#CN1Cc2cnn(-c3ccccc3)c2C1,IC50,'=',20000,nM,4.69897
CHEMBL5941184,452.56,O=C(CCc1ccccc1)N1CCC(O)(CN2C=Nc3cc(NCCO)ccc3C2O)CC1,IC50,'=',16420,nM,4.78462685
CHEMBL5751317,421.97,CN(CCCNC(=O)c1ccc2nc3c(c(Cl)c2c1)CCCC3)Cc1ccccc1,IC50,'=',57000,nM,4.24412514
CHEMBL5828111,245.28,Oc1ccc(-c2nc(C3CCNCC3)no2)cc1,IC50,'=',97700,nM,4.01010544
CHEMBL5973506,348.41,CCc1c(-c2ccc(C(=O)NC)nc2)cnc(N)c1-c1ccc(O)cc1,IC50,'=',1340,nM,5.8728952
CHEMBL5857310,348.41,CCc1c(-c2ccc(C(=O)NC)nc2)cnc(N)c1-c1ccc(O)cc1,IC50,'=',1300,nM,5.88605665
CHEMBL5968262,267.33,CC(C)Nc1nc2ccccn2c1-c1ccc(O)cc1,IC50,'=',7900,nM,5.10237291
CHEMBL5876108,239.28,Cc1cccn2c(-c3ccc(O)cc3)c(N)nc12,IC50,'=',8800,nM,5.05551733
CHEMBL5848536,308.39,Nc1nc2cc(C3CCNCC3)ccn2c1-c1ccc(O)cc1,IC50,'=',5300,nM,5.27572413
CHEMBL5803679,505.66,C[C@H](CC(=O)N1CCC(O)(Cn2cnc3c(ccn3CCCN3CCCC3)c2=O)CC1)c1ccccc1,IC50,'=',1428,nM,5.84527179
CHEMBL5815627,514.63,C[C@H](CC(=O)N1CCC(O)(Cn2cnc3c(-c4ccc(CN)cc4)n(C)nc3c2=O)CC1)c1ccccc1,IC50,'=',20.9,nM,7.67985371
CHEMBL6028064,513.06,Cc1cc(Cl)cc(-c2c3sc(CN4C(=O)C5C(C4=O)C5(C)C)cc3nn2C)c1OC1CCNCC1,IC50,'=',13.39,nM,7.87321942
CHEMBL5841562,861.49,CN1CCN(CCC(=O)Nc2ccc3c(=O)n(CC4(O)CCN(C(=O)[C@@H](CCCNC(=O)c5ccc6c(Cl)c7c(nc6c5)CCCC7)Cc5ccccc5)CC4)cnc3c2)CC1,IC50,'=',0.34,nM,9.46852108
CHEMBL5840599,389.88,C[C@H](CC(=O)N1CCC(O)(Cn2cnc(Cl)cc2=O)CC1)c1ccccc1,IC50,'=',100500,nM,3.99783394
CHEMBL5759750,491.59,C[C@H](CC(=O)N1CCC(O)(Cn2cnc3c(C#CC(C)(C)O)n(C)nc3c2=O)CC1)c1ccccc1,IC50,'=',100500,nM,3.99783394
CHEMBL5818176,453.59,C[C@H](CC(=O)N1CCC(O)(Cn2cnc(N3CCC(N)CC3)cc2=O)CC1)c1ccccc1,IC50,'=',625,nM,6.20411998
CHEMBL5858535,479.63,C[C@H](CC(=O)N1CCC(O)(Cn2cnc(/C=C/CN3CC[C@H](N)C3)cc2=O)CC1)c1ccccc1,IC50,'=',100500,nM,3.99783394
CHEMBL5843211,632.98,Cl.Cl.Cn1nc2c(=O)n(CC3(O)CCN(Cc4ccc(-c5cnco5)cc4Cl)CC3)cnc2c1-c1ccc(CN)cc1,IC50,'=',71.61,nM,7.14502633
CHEMBL5913294,467.93,O=c1c2cnn(-c3ccc(F)cc3)c2ncn1CC1(O)CCN(Cc2ccc(Cl)cc2)CC1,IC50,'=',8000,nM,5.09691001
CHEMBL5954344,512.38,O=c1c2cnn(-c3ccc(F)cc3)c2ncn1CC1(O)CCN(Cc2ccccc2Br)CC1,IC50,'=',3100,nM,5.50863831
CHEMBL5873324,512.38,O=c1c2cnn(-c3ccc(F)cc3)c2ncn1CC1(O)CCN(Cc2ccc(Br)cc2)CC1,IC50,'=',6700,nM,5.1739252
CHEMBL5798607,509.51,COC(=O)c1ccc(CN2CCC(O)(Cn3cnc4c(cnn4-c4ccc(F)cc4)c3=O)CC2)c(F)c1,IC50,'=',800,nM,6.09691001
CHEMBL5801533,488.59,O=C(CCc1ccccc1)N1CCC(O)(CN2C=Nc3cc(NCc4ccco4)ccc3C2O)CC1,IC50,'=',9800,nM,5.00877392
CHEMBL5933462,425.92,O=C(CCc1ccccc1)N1CCC(O)(Cn2cnc3cc(Cl)ccc3c2=O)CC1,IC50,'=',12300,nM,4.91009489
CHEMBL5938972,493.65,CC(CC(=O)N1CCC(O)(CN2C=Nc3cc(NCCN(C)C)ccc3C2O)CC1)c1ccccc1,IC50,'=',1537,nM,5.81332613
CHEMBL5821911,406.49,CC(CC(=O)N1CCC(O)(Cn2cnc3cnccc3c2=O)CC1)c1ccccc1,IC50,'=',5500,nM,5.25963731
CHEMBL5966405,501.59,COc1ccc(-n2ccc3c(=O)n(CC4(O)CCN(C(=O)C[C@@H](C)c5ccccc5)CC4)cnc32)cn1,IC50,'=',417.4,nM,6.37944756
CHEMBL6041193,501.59,COc1ccc(-n2ncc3c(=O)n(CC4(O)CCN(C(=O)C[C@@H](C)c5ccccc5)CC4)cnc32)cc1,IC50,'=',161.5,nM,6.79182747
CHEMBL4777703,453.32,C#CCOc1ccc(C2C(C#N)=C(N)Oc3n[nH]c(-c4cccs4)c32)cc1Br,IC50,'=',4500,nM,5.34678749
CHEMBL4745448,476.3,COc1ccc(C2C(C#N)=C(N)Oc3n[nH]c(-c4ccsc4)c32)cc1I,IC50,'=',5600,nM,5.25181197
CHEMBL5774963,424.26,COc1ccc(C2C(C#N)=C(N)Oc3n[nH]c(-c4ccccn4)c32)cc1Br,IC50,'=',7900,nM,5.10237291
CHEMBL5875950,471.26,COc1ccc(C2C(C#N)=C(N)Oc3n[nH]c(-c4cccnc4)c32)cc1I,IC50,'=',7700,nM,5.11350927
CHEMBL5773765,471.34,COc1ccc(C2C(C#N)=C(N)Oc3nn(C(C)=O)c(-c4cccs4)c32)cc1Br,IC50,'=',530,nM,6.27572413
CHEMBL5796816,604.58,Cn1nc2c(=O)n(CC3(O)CCN(C(=O)C[C@H](c4cc(F)cc(F)c4)C(F)(F)F)CC3)cnc2c1-c1ccc(CN)cc1,IC50,'=',100500,nM,3.99783394
CHEMBL6052479,533.65,C[C@H](CC(=O)N1CCC(O)(Cn2cnc(NCCN3Cc4cccc(F)c4C3)cc2=O)CC1)c1ccccc1,IC50,'=',625,nM,6.20411998
CHEMBL6021025,503.59,O=C(C[C@H](c1ccccc1)C(F)F)N1CCC(O)(Cn2cnc(NCCN3CCCC3)cc2=O)CC1,IC50,'=',625,nM,6.20411998
CHEMBL5931439,530.67,C[C@H](CC(=O)N1CCC(O)(Cn2cnc(N3CCN(Cc4ccccn4)CC3)cc2=O)CC1)c1ccccc1,IC50,'=',100500,nM,3.99783394
CHEMBL6018112,466.58,C[C@H](CC(=O)N1CCC(O)(Cn2cnc(N3CCC4(COC4)C3)cc2=O)CC1)c1ccccc1,IC50,'=',625,nM,6.20411998
CHEMBL5790030,434.46,Cn1nc2c(=O)n(CC3(O)CCN(C(=O)c4cnco4)CC3)cnc2c1-c1ccccc1,IC50,'=',100500,nM,3.99783394
CHEMBL5936489,475.59,Cn1nc2c(=O)n(CC3(O)CCN(C(=O)CC(C4CC4)C4CC4)CC3)cnc2c1-c1ccccc1,IC50,'=',625,nM,6.20411998
CHEMBL5982373,364.83,CC1(C(=O)N2CCC(O)(Cn3cnc4[nH]c(Cl)cc4c3=O)CC2)CC1,IC50,'=',100500,nM,3.99783394
CHEMBL5858563,488.95,COc1cc(-n2c(Cl)cc3c(=O)n(CC4(O)CCN(C(=O)C5(C)CC5)CC4)cnc32)ccc1F,IC50,'=',625,nM,6.20411998
CHEMBL6047395,501.37,Cn1cc(C(=O)N2CCC(O)(Cn3cnc4c(cc(Cl)n4-c4ccc(Cl)cc4)c3=O)CC2)cn1,IC50,'=',625,nM,6.20411998
CHEMBL5951648,592.03,Cn1nccc1-c1cc(-n2c(Cl)cc3c(=O)n(CC4(O)CCN(C(=O)c5cnc(C6CC6)o5)CC4)cnc32)ccc1F,IC50,'=',625,nM,6.20411998
CHEMBL6043724,450.54,Cn1nc2c(=O)n(CC3(O)CCN(C(=O)C4(C)CC4)CC3)cnc2c1-c1ccc(CN)cc1,IC50,'=',100500,nM,3.99783394
CHEMBL5924597,446.55,C[C@H](CC(=O)N1CCC(O)(Cn2cnc(Nc3ccccc3)cc2=O)CC1)c1ccccc1,IC50,'=',100500,nM,3.99783394
CHEMBL6059081,486.58,C[C@H](CC(=O)N1CCC(O)(Cn2cnc3c(-c4ccncc4)n(C)nc3c2=O)CC1)c1ccccc1,IC50,'=',625,nM,6.20411998
CHEMBL5845450,453.59,CC(C)c1c2c(nn1C)C(=O)N(CC1(O)CCN(C(=O)C[C@@H](C)c3ccccc3)CC1)CN2,IC50,'=',100500,nM,3.99783394
CHEMBL5891536,464.61,C[C@H](CC(=O)N1CCC(O)(Cn2cnc(/C=C/CN3CCCC3)cc2=O)CC1)c1ccccc1,IC50,'=',100500,nM,3.99783394
CHEMBL5793691,492.62,C[C@H](CC(=O)N1CCC(O)(Cn2cnc(-c3cnn(CCN(C)C)c3)cc2=O)CC1)c1ccccc1,IC50,'=',625,nM,6.20411998
CHEMBL5984140,467.61,C[C@H](CC(=O)N1CCC(O)(Cn2cnc(NC[C@H]3CCCN3C)cc2=O)CC1)c1ccccc1,IC50,'=',625,nM,6.20411998
CHEMBL5861821,485.6,C[C@H](CC(=O)N1CCC(O)(Cn2cnc(NCCN3CC[C@@H](F)C3)cc2=O)CC1)c1ccccc1,IC50,'=',625,nM,6.20411998
CHEMBL6009943,463.46,Cn1nc2c(=O)n(CC3(O)CCN(C(=O)CCc4ccccc4)CC3)cnc2c1C(F)(F)F,IC50,'=',100500,nM,3.99783394
CHEMBL5838297,440.54,C[C@H](CC(=O)N1CCC(O)(Cn2cnc(N3CCOCC3)cc2=O)CC1)c1ccccc1,IC50,'=',100500,nM,3.99783394
CHEMBL6022863,497.6,C[C@H](CC(=O)N1CCC(O)(C(O)c2cnc3c(-c4ccccc4)cccn3c2=O)CC1)c1ccccc1,IC50,'=',100500,nM,3.99783394
CHEMBL6052822,636.6,Cn1nc2c(=O)n(CC3(O)CCN(C(=O)C[C@H](c4ccccc4)C(F)(F)F)CC3)cnc2c1-c1ccc([C@@H](N)C(F)(F)F)cc1,IC50,'=',625,nM,6.20411998
CHEMBL5995797,489.62,C[C@H](CC(=O)N1CCC(O)(Cn2cnc(NCCNc3ccccc3)cc2=O)CC1)c1ccccc1,IC50,'=',100500,nM,3.99783394
CHEMBL5844702,553.7,C[C@H](CC(=O)N1CCC(O)(Cn2cnc(N3CCCC3CNC(=O)OC(C)(C)C)cc2=O)CC1)c1ccccc1,IC50,'=',100500,nM,3.99783394
CHEMBL5834482,509.65,C[C@H](CC(=O)N1CCC(O)(Cn2cnc(N3CCC(N4CCOCC4)C3)cc2=O)CC1)c1ccccc1,IC50,'=',100500,nM,3.99783394
CHEMBL5999408,530.67,C[C@H](CC(=O)N1CCC(O)(Cn2cnc(N3CCN(Cc4cccnc4)CC3)cc2=O)CC1)c1ccccc1,IC50,'=',100500,nM,3.99783394
CHEMBL6059989,511.67,COC[C@H]1CCCN1CCNc1cc(=O)n(CC2(O)CCN(C(=O)C[C@@H](C)c3ccccc3)CC2)cn1,IC50,'=',100500,nM,3.99783394
CHEMBL5970305,485.6,C[C@H](CC(=O)N1CCC(O)(Cn2cnc(NCCN3CC[C@H](F)C3)cc2=O)CC1)c1ccccc1,IC50,'=',625,nM,6.20411998
CHEMBL5961945,428.53,COCCNc1cc(=O)n(CC2(O)CCN(C(=O)C[C@@H](C)c3ccccc3)CC2)cn1,IC50,'=',100500,nM,3.99783394
CHEMBL5784793,558.61,CN1CC=C(c2c3ncn(CC4(O)CCN(C(=O)C[C@H](c5ccccc5)C(F)(F)F)CC4)c(=O)c3nn2C)CC1,IC50,'=',100500,nM,3.99783394
CHEMBL5771240,454.57,C[C@H](CC(=O)N1CCC(O)(Cn2cnc(N3CCC(C)(O)C3)cc2=O)CC1)c1ccccc1,IC50,'=',100500,nM,3.99783394
CHEMBL6052813,505.62,C[C@H](CC(=O)N1CCC(O)(Cn2cnc(N(CCO)Cc3cccnc3)cc2=O)CC1)c1ccccc1,IC50,'=',100500,nM,3.99783394
CHEMBL5930939,479.63,C[C@H](CC(=O)N1CCC(O)(Cn2cnc(N3C[C@H]4C[C@@H]3CN(C)C4)cc2=O)CC1)c1ccccc1,IC50,'=',625,nM,6.20411998
CHEMBL5917236,462.55,O=C(CC(C1CC1)C1CC1)N1CCC(O)(Cn2cnc3c(nnn3-c3ccccc3)c2=O)CC1,IC50,'=',625,nM,6.20411998
CHEMBL5764740,474.52,Cc1nc2c(=O)n(CC3(O)CCN(C(=O)c4cnc(C5CC5)o4)CC3)cnc2n1-c1ccccc1,IC50,'=',100500,nM,3.99783394
CHEMBL5885026,239.28,COc1ccc(-c2c(N)nc3ccccn23)cc1,IC50,'=',38000,nM,4.4202164
CHEMBL5889883,293.25,Nc1nc2c(C(F)(F)F)cccn2c1-c1ccc(O)cc1,IC50,'=',26000,nM,4.58502665
CHEMBL5935761,476.3,COc1ccc(C2C(C#N)=C(N)Oc3n[nH]c(-c4cccs4)c32)cc1I,IC50,'=',1800,nM,5.74472749
CHEMBL5976418,574.04,Cn1nccc1-c1cccc(-n2c(Cl)cc3c(=O)n(CC4(O)CCN(C(=O)c5cnc(C6CC6)o5)CC4)cnc32)c1,IC50,'=',625,nM,6.20411998
CHEMBL5824970,381.43,O=C(CCc1ccccc1)N1CCC(O)(Cn2cnc3ccoc3c2=O)CC1,IC50,'=',100500,nM,3.99783394
CHEMBL6042240,412.52,Cc1nc2ncn(CC3(O)CCN(C(=O)CCc4ccccc4)CC3)c(=O)c2s1,IC50,'=',100500,nM,3.99783394
CHEMBL6038457,471.26,COc1ccc(C2C(C#N)=C(N)Oc3n[nH]c(-c4ccccn4)c32)cc1I,IC50,'=',4400,nM,5.35654732
CHEMBL5928404,214.23,Cn1nccc1-c1n[nH]c2c1CN(C#N)C2,IC50,'=',20000,nM,4.69897
CHEMBL5778216,503.56,Cn1nc2c(=O)n(CC3(O)CCN(C(=O)c4cnc(C5CC5)o4)CC3)cnc2c1-c1ccc(CN)cc1,IC50,'=',625,nM,6.20411998
CHEMBL6050650,345.37,N#CN1Cc2c(Nc3ccccn3)nn(-c3ccc(C(N)=O)cc3)c2C1,IC50,'=',20000,nM,4.69897
CHEMBL6030885,506.61,Cc1ccc2c(=O)n(CC3(O)CCN(C(=O)c4ccc5c(ccn5Cc5ccccc5)c4)CC3)cnc2c1,IC50,'=',5500,nM,5.25963731
CHEMBL5969512,408.46,CC1(C(=O)N2CCC(O)(Cn3cnc4c(nnn4-c4ccccc4)c3=O)CC2)CC1,IC50,'=',100500,nM,3.99783394
CHEMBL5830425,330.35,N#CN1Cc2cnn(-c3cccc(C(=O)Nc4ccccn4)c3)c2C1,IC50,'=',20000,nM,4.69897
CHEMBL5819045,210.24,N#CN1Cc2[nH]nc(-c3ccccc3)c2C1,IC50,'=',20000,nM,4.69897
CHEMBL5889812,525.65,CN1CC[C@@H](C(=O)N2CCC(O)(Cn3cnc4c(ccn4-c4ccccc4)c3=O)CC2)[C@H](c2ccccc2)C1,IC50,'=',140,nM,6.85387196
CHEMBL5959329,546.07,O=C([C@@H]1CCNC[C@H]1c1ccccc1)N1CCC(O)(Cn2cnc3c(ccn3-c3cccc(Cl)c3)c2=O)CC1,IC50,'=',56.7,nM,7.24641694
CHEMBL5849782,546.07,O=C([C@@H]1CCNC[C@H]1c1ccccc1)N1CCC(O)(Cn2cnc3c(ccn3-c3ccc(Cl)cc3)c2=O)CC1,IC50,'=',41.2,nM,7.38510278
CHEMBL6065834,370.45,C[C@H](CC(=O)N1CCC(O)(Cn2cnc(N)cc2=O)CC1)c1ccccc1,IC50,'=',100500,nM,3.99783394
CHEMBL5989260,539.56,Cn1nc2c(=O)n(CC3(O)CCN(C(=O)C[C@H](c4ccccc4)C(F)(F)F)CC3)cnc2c1-c1ccccc1,IC50,'=',625,nM,6.20411998
CHEMBL5900494,463.46,Cn1nc2c(=O)n(CC3(O)CCN(C(=O)CCc4ccccc4)CC3)cnc2c1C(F)(F)F,IC50,'=',100500,nM,3.99783394
CHEMBL6013998,455.56,C[C@H](CC(=O)N1CCC(O)(Cn2cnc(C#Cc3ccccc3)cc2=O)CC1)c1ccccc1,IC50,'=',100500,nM,3.99783394
CHEMBL5780322,544.58,CN(C)CC#Cc1c2ncn(CC3(O)CCN(C(=O)C[C@H](c4ccccc4)C(F)(F)F)CC3)c(=O)c2nn1C,IC50,'=',100500,nM,3.99783394
CHEMBL5986695,559.59,C[C@H](CC(=O)N1CCC(O)(Cn2cnc(NCCNc3nccc(C(F)(F)F)n3)cc2=O)CC1)c1ccccc1,IC50,'=',100500,nM,3.99783394
CHEMBL5950161,466.58,C[C@H](CC(=O)N1CCC(O)(Cn2cnc(N3CC4(CCCO4)C3)cc2=O)CC1)c1ccccc1,IC50,'=',100500,nM,3.99783394
CHEMBL5912085,493.61,CC(=O)N1CC2(C1)CN(c1cc(=O)n(CC3(O)CCN(C(=O)C[C@@H](C)c4ccccc4)CC3)cn1)C2,IC50,'=',625,nM,6.20411998
CHEMBL5829664,453.32,C#CCOc1ccc(C2C(C#N)=C(N)Oc3n[nH]c(-c4cccs4)c32)cc1Br,IC50,'=',4500,nM,5.34678749
CHEMBL5915561,384.85,COc1ccc(C2C(C#N)=C(N)Oc3n[nH]c(-c4cccs4)c32)cc1Cl,IC50,'=',7000,nM,5.15490196
CHEMBL5852874,404.37,N#CC1=C(N)Oc2n[nH]c(-c3cccs3)c2C1c1ccc(O)c(C(F)(F)F)c1,IC50,'=',750,nM,6.12493874
CHEMBL5828805,228.23,N#CN1Cc2cnn(-c3ccccc3F)c2C1,IC50,'=',20000,nM,4.69897
CHEMBL5943704,476.3,COc1ccc(C2C(C#N)=C(N)Oc3n[nH]c(-c4cccs4)c32)cc1I,IC50,'=',1800,nM,5.74472749
CHEMBL5782901,426.27,COc1ccc(C2C(C#N)=C(N)Oc3n[nH]c(-c4ccn(C)c4)c32)cc1Br,IC50,'=',1910,nM,5.71896663
CHEMBL5747315,471.34,COc1ccc(C2C(C#N)=C(N)Oc3nn(C(C)=O)c(-c4cccs4)c32)cc1Br,IC50,'=',530,nM,6.27572413
CHEMBL5810849,343.39,N#CN1Cc2cnn(-c3cccc(C(=O)NCc4ccccc4)c3)c2C1,IC50,'=',20000,nM,4.69897
CHEMBL5967672,357.42,CC(NC(=O)c1cccc(-n2ncc3c2CN(C#N)C3)c1)c1ccccc1,IC50,'=',20000,nM,4.69897
CHEMBL5975454,282.35,COc1ccc(C(C)C)cc1-c1n[nH]c2c1CN(C#N)C2,IC50,'=',20000,nM,4.69897
CHEMBL5955563,297.38,COc1ccc(C(C)C)cc1C1=[N+](C)N=C2CN(C#N)CC21,IC50,'=',20000,nM,4.69897
CHEMBL5752128,625.77,COc1ccc(-n2ccc3c(=O)n(CC4CCN(C(=O)[C@@H]5CCN(C(=O)OC(C)(C)C)C[C@H]5c5ccccc5)CC4)cnc32)cc1,IC50,'=',49.9,nM,7.30189945
CHEMBL6033193,511.63,O=C([C@@H]1CCNC[C@H]1c1ccccc1)N1CCC(O)(Cn2cnc3c(ccn3-c3ccccc3)c2=O)CC1,IC50,'=',31.6,nM,7.50031292
CHEMBL5936318,588.11,CC(=O)N1CC[C@@H](C(=O)N2CCC(O)(Cn3cnc4c(ccn4-c4cccc(Cl)c4)c3=O)CC2)[C@H](c2ccccc2)C1,IC50,'=',89,nM,7.05060999
CHEMBL5916249,581.72,CC(C)C(=O)N1CC[C@@H](C(=O)N2CCC(O)(Cn3cnc4c(ccn4-c4ccccc4)c3=O)CC2)[C@H](c2ccccc2)C1,IC50,'=',103,nM,6.98716278
CHEMBL5796184,595.74,CC(C)(C)C(=O)N1CC[C@@H](C(=O)N2CCC(O)(Cn3cnc4c(ccn4-c4ccccc4)c3=O)CC2)[C@H](c2ccccc2)C1,IC50,'=',83,nM,7.08092191
CHEMBL5902053,240.27,COc1cccc(-n2ncc3c2CN(C#N)C3)c1,IC50,'=',20000,nM,4.69897
