Smiles,pIC50
Cc1ccc(-c2cc(NC[C@H](O)c3ccccc3)ncn2)cc1,6.795880017
CCOC(=O)c1cc(-c2cccc(OC(=O)NC3CCCCC3)c2)nn1-c1ccccc1,6.721246399
O=C(N1CCN(C/C=C/c2ccccc2)CC1)n1nnc2ccccc21,7.769551079
O[C@@H](CNc1cc(-c2ccc(SC(F)(F)F)cc2)ncn1)c1ccccc1,8.236572006
N#Cc1cnc(C(=O)CCCCCCc2ccccc2)o1,8.301029996
O=C(Oc1cccc(N2CCOCC2)c1)N1CCC(c2ccc(F)cc2)CC1,7.920818754
N#Cc1ccncc1NC(=O)N1CC2(CCN(Cc3cccc(Oc4ccc(Cl)cc4)c3)CC2)C1,6.823908741
C[C@@H](OC(=O)CCc1ccccc1)[C@@H]1CN(C(=O)CCc2ccccc2)C1=O,7.173925197
Cn1ncc2c(-c3ccc4oc(NC5CCCCC5)nc4c3)cccc21,7.522878745
O=C(N1CCN(Cc2ccccc2-c2ccccc2)CC1)n1nnc2ccccc21,7.698970004
c1ccc2c(c1)CN(c1nc3cc(-c4ccc5nccn5c4)ccc3o1)C2,7.970616222
CCn1c(C)c(C2CCCN(c3nccc(-c4cc5ccccc5s4)n3)C2)c2cccnc21,8.090016305
O=C(CCCCCCc1ccccc1)c1ncc(Br)o1,7.113509275
O=C(CCCC1CCN(Cc2ccccc2)CC1)c1ncco1,6.920818754
CN(C)C(=O)c1cc(N2CCN(C(=O)n3nnc4ccccc43)CC2)ccc1[N+](=O)[O-],6.080921908
O=C(Nc1ccncn1)N1CCN(Cc2ccc3c(c2)OC(F)(F)O3)CC1,6.560667306
CSc1ccc(-c2cc(NCC(O)c3ccccc3)ncn2)cc1,7.522878745
O=C(Nc1ccccc1)N1CCN(Cc2cccc(OS(=O)(=O)c3ccccc3)c2)CC1,7.510041521
CC(=O)O[C@@H]1[C@@H]([C@@H](C)OC(=O)Cc2ccc(-c3ccccc3)cc2)C(=O)N1C(=O)CCCc1ccccc1,6.639993868
COc1ccc(-c2cn(Cc3ccc(F)cc3)c(=O)c(C(=O)NC3CCCCCC3)c2C)cc1,6.500312917
COc1cccc(Oc2cccc(CN3CCN(C(=O)Nc4ccccc4)CC3)c2)c1,7.397940009
Cc1ccc(CN2CCN(C(=O)Nc3ccccc3)CC2)cc1,6.501689446
O=C(Oc1cccc(N2CCS(=O)(=O)CC2)c1)N1CCC(c2ccc(N3CCCC3)cc2)CC1,8.522878745
COc1nn(Cc2ccccc2Oc2ccccc2)c(=O)o1,6.0
CCCOc1ccc(NC(=O)ON=C(C)C)cc1,7.060480747
COc1nn([C@@H](C)c2ccc(CC(C)C)cc2)c(=O)o1,8.060480747
O=C(Nc1cccnc1)N1C[C@@H]2CCN(Cc3cccc(Oc4ccc(Cl)cc4)c3)[C@@H]2C1,6.657577319
CN(c1ccccc1)c1nc2cc(-c3ccc4c(ccn4C)c3)ccc2o1,7.48148606
NC(=O)c1cc(-c2cccc(OC(=O)NC3CCCCC3)c2)n(-c2ccccc2)n1,7.161150909
COc1nn(Cc2ccc(NC(=O)c3ccccc3)cc2)c(=O)o1,6.677780705
O=C(Nc1ccc(OC(F)(F)F)cc1)N[C@H]1CC[C@H](Oc2ccc(C(=O)NCc3ccccc3)cc2)CC1,6.542118103
O=C(CCCC1CCNCC1)c1ncco1,6.040005162
O=C(Nc1ccccc1)N1CCN(Cc2ccc(Cl)c(C(F)(F)F)c2)CC1,7.397940009
Cc1cccnc1NC(=O)[C@H](C)c1ccc(-c2ccccc2)c(F)c1,6.657577319
Cn1ccc2cc(CN3CCN(C(=O)Nc4ccccc4)CC3)ccc21,7.040958608
O=C(Nc1ccccn1)N1CCN(Cc2cccc(Oc3ccc(Cl)cc3)c2)CC1,8.036212173
O=C(NCCCCN1CCN(c2cccc(Cl)c2Cl)CC1)Oc1ccc(-c2ccccc2)c(F)c1,8.318758763
COc1ccccc1N1CCN(CCCNC(=O)Oc2ccc(-c3cccc(C(N)=O)c3)cc2)CC1,8.619788758
O=C(NC1CCC(=Cc2cccc(Oc3ccc(C(F)(F)F)cn3)c2)CC1)c1ccc(-n2nccn2)nc1,8.568636236
O=C(Oc1cccc(N2CCS(=O)(=O)CC2)c1)N1CCN(c2ccc(F)cc2)CC1,7.853871964
O=C(Nc1ccccc1F)N1CCN(Cc2cnc3ccccc3c2)CC1,7.500038134
CN1CCN(Cc2cccc(-c3ccc(-c4cc(C(=O)NC56CC7CC(CC(C7)C5)C6)no4)cc3)c2)CC1,6.537602002
O=C(NC1CCC(=Cc2cccc(Oc3ccc(C(F)(F)F)cn3)c2)CC1)c1ccc(Cl)nc1,8.397940009
C[S+]([O-])c1ccc(-c2nc(C3CCN(C(=O)OC(C)(C)C)CC3)oc2Sc2ccc(Cl)cn2)cc1,7.48148606
O=C(N1CCN(c2ccc([N+](=O)[O-])cc2)CC1)n1nnc2ccccc21,7.657577319
CCn1ccc2cc(-c3ccc4oc(N5Cc6ccccc6C5)nc4c3)ccc21,8.886056648
Cc1nc(-c2ccc(F)cc2)c(-c2ccc(F)cc2)n1CCCCCCNC(=O)Oc1c(F)cccc1F,7.823908741
CS(=O)(=O)c1ccc(NC(=O)N/N=C\c2ccc(Cl)cc2)cc1,6.886056648
CCCCCCCCCCCCOc1ccc(NC(=O)O/N=C/c2cccnc2)cc1,9.480040819
CCCCCOc1cccc(-c2cc(C(=O)NC34CC5CC(CC(C5)C3)C4)no2)c1,7.494850022
Cn1c(=O)n(C2CCCCN(c3nccc(-c4cc5ccccc5o4)n3)C2)c2ccccc21,6.880744111
O=C(Nc1ccccc1)N1CCN(Cc2ccccc2)CC1,6.387216143
O=C(CCCCCc1ccccc1)c1nnc(-c2ccccn2)o1,8.494850022
COc1ccc(N2CCN(C(=O)Oc3cccc(N4CCOCC4)c3)[C@H](C)C2)cc1,8.48148606
CCCCCCCCCCCCCCCC(=O)NC(C)C,8.0
O=C(Oc1cncc(N2CCS(=O)(=O)CC2)c1)N1CCC(c2ccc(F)cc2)CC1,8.439973751
O=C(Nc1ccccc1)N1CCN(Cc2ccc3cc(Cl)ccc3n2)CC1,7.15490196
Cc1onc(NC(=O)N2CCN(c3nc(-c4cccc(F)c4)cs3)CC2)c1C,8.958607315
Cc1c(-c2ccccc2)cn(Cc2ccc(F)cc2)c(=O)c1C(=O)NC1CCCCCC1,7.478861916
O=C(Nc1ccccc1F)N1CCC2(CC1)OCc1cc(Br)ccc1O2,8.431798276
O=C(Nc1cccnn1)N1CCN(c2ccnc(-c3ccc(F)cc3F)n2)CC1,7.823908741
O=C(Nc1cccnc1)N1CC[C@@H]2CN(Cc3cccc(Oc4ccc(Cl)cc4)c3)C[C@H]2C1,6.585026652
O=C(Nc1ccc(OC(F)(F)F)cc1)NN1CCC(Oc2ccc(C(=O)O)cc2)CC1,6.452225295
O=C(CCCC1CCN(Cc2cccc(Br)c2)CC1)c1ncco1,8.113509275
O[C@@H](CNc1cc(-c2ccc(OCC(F)(F)F)c(F)c2)ncn1)c1ccccc1,8.301029996
CN1CCN(c2cccc(OC(=O)N3CCC(c4ccc(F)cc4)CC3)c2)CC1,7.677780705
NC(=O)c1cn(-c2cccc(OC(=O)N3CCN(CCCc4ccccc4)CC3)c2)nn1,7.552841969
O=C(Nc1cnc(-c2ccccc2)nc1)N1CC2(CCN(Cc3cccc(Oc4ccc(Cl)cc4)c3)CC2)C1,7.823908741
O=C(Nc1ccccc1)N1CCN(Cc2cccc(Cl)c2)CC1,6.596879479
CCCSC(=O)N1C[C@@H]([C@@H](C)OC(=O)CCCc2ccccc2)C1=O,8.008773924
O=C(Nc1cnccn1)N1CC(Oc2ccc(-c3ccccc3F)cn2)C1,7.638272164
O=C(Nc1cccnn1)N1CCN(c2nccc(-c3cc(F)cc(F)c3)n2)CC1,10.09691001
Cc1cc(C(N)=O)c(-c2cccc(OC(=O)NC3CCN(CCc4ccccc4)CC3)c2)o1,7.119186408
CC(C)COc1cccc(CN2CCN(C(=O)Nc3ccccc3)CC2)c1,7.060480747
Clc1ccc(Sc2cn(-c3ccccc3)nc2-c2ccc3c(c2)OCCO3)cc1,7.795880017
O=C(OC(C(F)(F)F)C(F)(F)F)N1CC(c2ccn(-c3ccc(F)c(F)c3)n2)C1,9.187086643
Clc1ccc(Sc2oc(C3CCOCC3)nc2-c2ccc(N3CCNCC3)nc2)cc1,8.161150909
O=C(NC1CCC(=Cc2cccc(Oc3ccc(C(F)(F)F)cn3)c2)CC1)c1ccc(-n2cccn2)nc1,8.283996656
CCn1c(=O)n([C@@H]2CCCN(c3nccc(-c4cc5ccccc5o4)n3)C2)c2ncccc21,8.214670165
CN(C)C(=O)[C@H]1C[C@@H]1c1ccc(-c2nc[nH]c2Sc2ccc(Cl)cn2)cc1,6.657577319
CCOC(=O)c1cc(-c2cccc(OC(=O)NC3CCCCC3)c2)n(-c2ccc(C(F)(F)F)cc2)n1,7.22184875
CCCCCCNC(=O)Oc1cccc(-c2cc(C(=O)OCCC)nn2-c2ccccc2)c1,7.318758763
CCCCCCCC/C=C\CCCCOC(=O)CC(=O)CBr,6.684029655
Clc1ccc(Sc2oc(C3CCOCC3)nc2-c2cnc3cc[nH]c3c2)cc1,7.301029996
CN(C)c1ncccc1C(OC1CN(C(=O)N2CCCCC2)C1)c1ccc(Cl)cc1,6.0
O=C(Nc1cccc(Cl)c1)N1CCN(Cc2ccc(Br)c(Br)c2)CC1,7.008773924
OC(CNc1cc(-c2ccc(C(F)(F)F)c(Cl)c2)ncn1)c1ccccc1F,7.508638306
O[C@@H](CNc1cc(-c2ccc(Cl)c(C(F)(F)F)c2)ncn1)c1ccccc1,7.522878745
CCOc1cccc(CN2CCN(C(=O)Nc3ccccc3)CC2)c1,7.050609993
O=C(Nc1cnccc1Cl)N1C[C@@H]2CN(Cc3cccc(Oc4ccc(Cl)cc4)c3)C[C@@H]21,6.22184875
COc1cc(-c2ccc3oc(N4Cc5ccccc5C4)nc3c2)ccn1,8.102372909
CCCCOc1ccc(C(CC)NC(=O)Oc2ccc(F)cc2F)cc1,7.853871964
c1ccc(CN2CCc3c(ccnc3Nc3ccc4ncccc4c3)C2)cc1,6.763966853
COC(=O)c1ccc(NC(=O)N2CCN(Cc3cnc4ccccc4c3)CC2)cc1,6.657577319
O=C(Nc1noc2ccccc12)N1C[C@H]2CN(Cc3ccc(Oc4ccc(Cl)cc4)cc3)C[C@H]2C1,6.070581074
O=C(Nc1ccccc1)N1CCN(Cc2cnc3ccccc3n2)CC1,6.596879479
N#CCn1cc(C2CCCN(c3nccc(-c4cc5ccccc5s4)n3)C2)c2cccnc21,8.200659451
C[C@@H](OC(=O)CCCc1ccccc1)[C@@H]1CN(C(=O)CCCCc2ccccc2)C1=O,6.795880017
O=C(Nc1ccccc1)N1CCN(Cc2ccc(I)cc2)CC1,7.522878745
O=C(NCCCCN1CCN(c2ccccc2C(F)(F)F)CC1)Oc1ccc(-c2ccccc2)cc1,7.853871964
C=CCNC(=S)N1C[C@@H]([C@@H](C)OC(=O)COCc2ccccc2)C1=O,6.552841969
Cc1ccc(NC(=O)N2CCN(Cc3ccc(Br)c(Br)c3)CC2)cc1,6.769551079
CCCCCCSCC(=O)C(F)(F)F,6.420216403
Cc1nc(-c2ccc(F)cc2)c(-c2ccc(F)cc2)n1CCCCCCNC(=O)Oc1ccccc1F,8.119186408
CCOc1ccc(NC(=O)O/N=C/c2cccnc2)cc1,7.187086643
CN(C)C(=O)Oc1noc2ccc(Cl)cc12,7.585026652
NC(=O)c1cccc(-c2cccc(OC(=O)NCCCCN3CCN(c4ccccc4)CC3)c2)c1,9.0
C[C@@H](OC(=O)CCCc1ccccc1)[C@@H]1CN(C(=O)CCc2ccccc2)C1=O,7.552841969
CCn1c(=O)n([C@H]2CCCN(c3ccnc(-c4ccccc4F)n3)C2)c2ccccc21,7.236572006
Cc1ccc2nc(-c3ccc(NC(=O)C4CCN(S(=O)(=O)c5cccs5)CC4)cc3)sc2c1,8.075720714
CCCCCCCCCCCCOc1ccc(NC(=O)O/N=C/c2ccc(F)cc2)cc1,8.698970004
COc1ccc(CN2CCN(C(=O)Nc3ccccc3)CC2)cc1,6.769551079
C=CCN1C(=O)/C(=N/NC(=O)Nc2ccc(S(C)(=O)=O)cc2)c2ccccc21,6.509999358
CSc1ccccc1NC(=O)N1CCN(c2nc(-c3ccccc3)ns2)CC1,6.54999737
O=C(Nc1cnc2[nH]ccc2c1)N1CC2CC1CN2Cc1cccc(Oc2ccc(Cl)cc2)c1,7.920818754
CC(C)OC(=O)N1CCC(c2nc(-c3ccc([S+](C)[O-])cc3)c(Sc3ccc(Cl)cn3)o2)CC1,7.568636236
COc1ccccc1N1CCN(CCCCNC(=O)Oc2cccc3ccccc23)CC1,7.552841969
CCCCCCOc1ccc(NC(=O)O/N=C/c2cccnc2)cc1,8.22184875
Cc1ccc(CN2CCC(CCCC(=O)c3ncco3)CC2)cc1,6.818156412
CS(=O)(=O)c1ccc(NC(=O)N/N=C\c2ccccc2O)cc1,6.638272164
O=C(Nc1ccc(Cl)nn1)N1CCN(c2nc(-c3ccccc3)ns2)CC1,7.540004744
NC(=O)c1cccc(-c2ccc(OC(=O)NCCCCN3CCN(c4cccc(Cl)c4Cl)CC3)cc2F)c1,9.0
COc1ccc(Oc2cccc(CN3C[C@@H]4CN(C(=O)Nc5noc6ccccc56)C[C@@H]4C3)c2)cc1,6.337242168
O=C(Oc1cccc(N2CCS(=O)(=O)CC2)c1)N1CCN(Cc2cccc(Oc3ccccc3)c2)CC1,8.698970004
O=C(Nc1ccc(-n2nccn2)nc1)N1CC[C@@H]2CN(Cc3cccc(Oc4ccc(Cl)cc4)c3)C[C@@H]21,6.958607315
Clc1ccc(Sc2c[nH]nc2-c2ccc3c(c2)OCCO3)cc1,7.301029996
CC(=O)c1cccc(-c2ccc(-c3cc(C(=O)NC45CC6CC(CC(C6)C4)C5)no3)cc2)c1,6.698970004
O=C(CCCCCCCCc1ccccc1)c1nnc(-c2ccccn2)o1,9.142667504
CCCCCCCCOc1ccc(NC(=O)ON=C(C)C)cc1,8.694648631
Clc1ccc(Sc2oc(C3CCOCC3)nc2C2CCNCC2)nc1,6.350003493
O=C(Nc1cccc2cn[nH]c12)N1CCN(Cc2cccc(Oc3ccc(Cl)cc3)c2)CC1,6.508638306
O=C(Oc1cccc(N2CCS(=O)(=O)CC2)c1)N1CCN(c2ccccc2)CC1,7.958607315
CCCCCCCOc1ccc(NC(=O)O/N=C/c2cccnc2)cc1,8.698970004
O=C(Nc1cccnn1)N1CCC(c2nc(C3=NOC(c4ccccc4)C3)cs2)CC1,7.809948582
O=C(Oc1ccc([N+](=O)[O-])cc1)N1CCN(S(=O)(=O)c2ccc(Oc3ccccc3)cc2)CC1,6.903089987
CCCCCCCCOc1ccc(NC(=O)Oc2ccccc2)cc1,8.377578726
CCOC(=O)CCCCCCn1c(CC)nc(-c2ccccc2)c1-c1ccccc1,8.080921908
Cc1cc(C(N)=O)c(-c2cccc(OC(=O)N3CCN(CCCc4ccccc4)CC3)c2)o1,8.22184875
CCCCOc1ccc(NC(=O)ON=C(C)C)cc1,7.769551079
O=C(Nc1ccccc1)N1CCN(Cc2ccc3c(c2)CCO3)CC1,6.675717545
O=[N+]([O-])c1ccc(SC(=S)N2CCN(Cc3ccc(-c4ccccc4)cc3)CC2)c([N+](=O)[O-])c1,6.319664487
CCOC(=O)c1cc(-c2cccc(OC(=O)NC3CCCCC3)c2)nn1-c1ccc(Cl)cc1,6.853871964
c1ccc(CN2CCc3c(ccnc3Nc3cnc4ccccc4c3)C2)cc1,7.420216403
O=C(Nc1ccc(OC(F)(F)F)cc1)N[C@H]1CC[C@H](Oc2ccc(O)cc2)CC1,7.299988938
O=C(Nc1cncc2ccccc12)N1C[C@@H]2CN(Cc3cccc(Oc4ccc(Cl)cc4)c3)C[C@@H]21,7.107905397
COC(=O)CNC(=O)c1ccc(O[C@H]2CC[C@H](NC(=O)Nc3ccc(OC(F)(F)F)cc3)CC2)cc1,7.739928612
O=C(Nc1cccnc1)N1CC2(CCN(Cc3cccc(Oc4ccc(Cl)cc4)c3)CC2)C1,6.995678626
Cc1ccc(-c2csc(-c3ccc(NC(=O)C4CCN(S(=O)(=O)c5ccccc5Cl)CC4)cc3)n2)cc1,8.142667504
CC(=O)O[C@@H]1[C@@H]([C@@H](C)OC(=O)CCc2ccccc2)C(=O)N1C(=O)CCCc1ccccc1,6.129011186
COc1nn(C(C)c2cccc(Oc3ccccc3)c2)c(=O)o1,6.076134525
NC(=O)c1cc(-c2cccc(OC(=O)NC3CCCCC3)c2)n(-c2ccc(Cl)cc2)n1,7.137272472
O=C(N1CCN(Cc2cccc(Oc3ccccc3)c2)CC1)n1nnc2ccccc21,7.366531544
O=C(Nc1nn[nH]n1)N1CCN(c2nc(-c3ccccc3)ns2)CC1,6.91721463
O=C1Nc2cc(Cl)ccc2/C1=N\NC(=O)c1c(O)cccc1Cl,7.721246399
Cc1onc(NC(=O)N2CCN(c3nc(-c4ccc(F)cc4F)cs3)CC2)c1C,9.387216143
CCCCCCCCCCOc1ccc(NC(=O)O/N=C/c2ccccc2)cc1,9.48148606
O=C(Nc1ccon1)N1C[C@H]2CN(Cc3cccc(Oc4ccc(Cl)cc4)c3)C[C@H]2C1,8.301029996
O=C(CCCCCCCc1ccccc1)C(F)(F)F,6.397940009
CCCCCCCOc1ccc(NC(=O)O/N=C/c2ccc(F)cc2)cc1,8.698970004
CCCCC/C=C\C/C=C\C/C=C\C/C=C\CCCC(=O)NCCCl,6.585026652
O=C(Nc1ccccc1)N1CCN(Cc2ccc(Br)c(Br)c2)CC1,7.886056648
O=C(Nc1cccnn1)N1CCN(c2nccc(-c3cc(F)ccc3F)n2)CC1,10.60205999
O=C(CCCC1CCN(C(=O)CC2CCCCC2)CC1)c1ncco1,7.318758763
O=C(Nc1ccon1)N1CCN(c2nc(-c3ccccc3)ns2)CC1,7.478861916
CCCCCC[C@@H](C)OC(=O)CC(=O)CBr,6.318758763
O=C(Nc1ccccc1)N1CCN(Cc2ccc3ccccc3c2)CC1,7.920818754
CCOC(=O)c1cc(-c2ccc(OC(=O)NC3CCCCC3)cc2)n(-c2ccc(Cl)cc2)n1,6.958607315
CCOc1ccc(NC(=O)O/N=C/c2ccc(F)cc2)cc1,7.568636236
O=C(Nc1ccncc1)N1CCN(c2nc(-c3ccccc3)ns2)CC1,7.795880017
CCOc1ccc(-c2cc(NC[C@H](O)c3ccccc3)ncn2)cc1F,7.958607315
O=C(N1CCN(c2ccccc2F)CC1)n1nnc2ccccc21,8.0
COc1ccccc1N1CCN(CCCCNC(=O)Oc2ccc(-c3ccccc3)cc2)CC1.Cl,7.638272164
O=C(Nc1cccnc1)N1CCN(Cc2cccc(Oc3ccc(Cl)cc3)c2)CC1,8.886056648
C=CCCC(=O)N1CC([C@@H](C)OCCCCc2ccccc2)C1,6.292429824
O=C(Nc1nn[nH]n1)N1CCN(Cc2cccc(Oc3ccc(Cl)cc3)c2)CC1,7.397940009
Cc1cc(C)cc(OC(=O)N2CCC(c3nc(C4=NOC(c5ccccc5)C4)cs3)CC2)c1,7.638272164
CCOC(=O)c1cc(-c2ccc(OC(=O)NC3CCCCC3)cc2)n(-c2ccccc2)n1,6.995678626
CC(C)c1ccc(CN2CCN(C(=O)Nc3ccccc3)CC2)cc1,7.050609993
CCCCCCOc1ccc(NC(=O)Oc2ccccc2)cc1,7.721246399
C[S+]([O-])c1ccc(-c2nc(C3CCN(S(C)(=O)=O)CC3)oc2Sc2ccc(Cl)cn2)cc1,6.946921557
CCCCC/C=C\C/C=C\C/C=C\C/C=C\CCCC(=O)C=[N+]=[N-],8.366531544
O=C(N1CCN(Cc2ccc3ccccc3c2)CC1)n1nnc2ccccc21,8.031517051
COc1ccccc1NC(=O)N1CCN(c2nc(-c3ccccc3)ns2)CC1,7.148741651
O=C(Nc1ccncn1)N1CC2(CCN(Cc3cccc(Oc4ccc(Cl)cc4)c3)CC2)C1,6.013228266
COc1ccc(NC(=O)N2CCN(c3nc(-c4ccccc4)ns3)CC2)cc1,7.184754408
Cc1onc(NC(=O)N2CCN(c3nc(-c4ccc(F)cc4)cs3)CC2)c1C,9.096910013
Cl.O=C(NCCCCN1CCN(c2cccc(Cl)c2Cl)CC1)Oc1ccc(-c2ccccc2)cc1,9.096910013
COc1ccccc1-c1ccc(OC2CN(C(=O)Nc3cccnn3)C2)nc1,8.010016542
C=CCCC(=O)N1C[C@@H]([C@@H](C)OC(=O)CCCc2ccccc2)C1=O,8.431798276
O=C(CCCCCCCCc1ccccc1)c1nc2ncccc2o1,10.0
OC(CNc1cc(-c2ccc(C(F)(F)F)c(Cl)c2)ncn1)c1ccc(F)c(Cl)c1,7.684029655
CN(C)CCOC(=O)N1CCC(c2nc(-c3ccc([S+](C)[O-])cc3)c(Sc3ccc(Cl)cn3)o2)CC1,6.42365865
O=C(NC1CCC(=Cc2cccc(Oc3ccc(C(F)(F)F)cn3)c2)CC1)c1cc[nH]n1,8.096910013
Cn1ncc2cc(-c3ccc4oc(NC5CCCCC5)nc4c3)ccc21,7.508638306
COCCOCCOCC(=O)N1CCC(c2nc(-c3ccc([S+](C)[O-])cc3)c(Sc3ccc(Cl)cn3)o2)CC1,6.632644079
CN(CCCOc1ccc2ccc(=O)oc2c1)Cc1cccc(OC(=O)NCCCCCc2ccccc2)c1,6.348721986
O=C(Oc1cccc(N2CCS(=O)(=O)CC2)c1)N1CCC(c2ccc(OCCF)cc2)CC1,7.853871964
Cn1ccc2cc(-c3ccc4oc(N5CCOCC5)nc4c3)ccc21,6.619788758
C=CCCC(=O)N1C[C@@H]([C@@H](C)OC(=O)NCCc2ccccc2)C1=O,7.677780705
O=C(Nc1ccc(-n2nccn2)nc1)N1CCC2(CCN(Cc3cccc(Oc4ccc(Cl)cc4)c3)CC2)CC1,7.798876103
COc1nn(C(C)c2ccc(N(c3ccccc3)c3ccccc3)cc2)c(=O)o1,7.301029996
NC(=O)c1cccc(-c2cnc(C(=O)CCCCCCc3ccccc3)o2)c1,6.30980392
CCCCCCCCCCCCCCCC(=O)NCCBr,6.22184875
CCCCOc1ccc(CNC(=O)ON=C(C)C)cc1,6.698970004
Cc1cc(C(N)=O)c(-c2cccc(OC(=O)N3CCC(NCCc4ccccc4)CC3)c2)o1,7.795880017
CCCCOc1ccc(CNC(=O)Oc2ccc(F)cc2F)cc1,8.214670165
O=C(Nc1ccncc1)N1CCN(Cc2cccc(Oc3ccc(Cl)cc3)c2)CC1,7.958607315
CCCCOc1ccc(CNC(=O)Oc2cccnc2)cc1,8.301029996
COc1ccccc1-c1cc(C(=O)NC23CC4CC(CC(C4)C2)C3)no1,6.585026652
O=C(Oc1cccnc1)N1CCC(c2nc(C3=NOC(c4ccccc4)C3)cs2)CC1,10.69897
O=C(Oc1ccccc1Cl)N1CCC(c2nc(C3=NOC(c4ccccc4)C3)cs2)CC1,10.22184875
CCOC(=O)c1cc(-c2cccc(OC(=O)NC3CCCCC3)c2)n(-c2ccccc2)n1,8.065501549
O=C(Nc1nn[nH]n1)N1C[C@H]2CN(Cc3cccc(Oc4ccc(Cl)cc4)c3)C[C@H]2C1,6.15490196
CN(CCCOc1ccc2c(=O)c3cccnc3oc2c1)Cc1cccc(OC(=O)NCCCCCc2ccccc2)c1,6.725842151
CCn1c(=O)n([C@H]2CCCN(c3ccnc(-c4cc5ccccc5o4)n3)C2)c2ccccc21,7.721246399
CC(C)Oc1cccc(CN2CCC(CCCC(=O)c3ncco3)CC2)c1,8.397940009
NC(=O)c1cn(-c2cccc(OC(=O)NCCCCCCc3ccccc3)c2)nn1,7.954677021
O=C(CCCCCCCc1ccccc1)c1nc2ncccc2o1,9.522878745
O=C(Nc1ccc(OC(F)(F)F)cc1)N1CCN(c2nc(-c3ccccc3)ns2)CC1,6.106238238
O=C(N1CCN(Cc2ccccc2)CC1)n1nnc2ccccc21,7.891773344
CCN(Cc1ccccc1)C(=S)Sc1ccc([N+](=O)[O-])cc1[N+](=O)[O-],6.075720714
O=C(O[C@H](CF)C(F)(F)F)N1C[C@@H]2[C@H](C1)[C@H]2c1ccn(-c2ccc(F)cc2)n1,6.43062609
Cc1c(Br)cn(Cc2ccc(F)cc2)c(=O)c1C(=O)NC1CCCCCC1,6.341988603
O=C(CCCC1CCN(Cc2ccc(Cl)cc2)CC1)c1ncco1,7.48945499
NC(=O)c1cc(-c2ccc(OC(=O)NC3CCCCC3)cc2)n(-c2ccc(Cl)cc2)n1,7.150028088
COc1nn(C(C)c2ccc(-c3ccccc3)cc2)c(=O)o1,7.552841969
COc1ncccc1C(OC1CN(C(=O)N2CCCCC2)C1)c1ccc(Cl)cc1,6.003926346
O=C(Nc1ccncn1)N1CCN(Cc2cnc3ccccc3c2)CC1,6.187086643
O=C(Oc1cccc(N2CCS(=O)(=O)CC2)c1)N1CCC(c2ccc(N3CCC3)cc2)CC1,8.270025714
COc1cc(NC(=O)C(=O)c2c(C)n(Cc3ccc(Cl)cc3)c3ccc(C)cc23)ccn1,8.122628654
CCCCCCCCOc1ccc(NC(=O)O/N=C/c2ccc(F)cc2)cc1,9.568636236
CCCCCCCCCCCCOc1ccc(NC(=O)Oc2ccccc2F)cc1,8.0
O=C(Nc1nc(-c2ccccc2)cs1)N1CCN(c2nc(-c3ccccc3)ns2)CC1,6.910094889
NC(=O)c1cccc(-c2ccc(OC(=O)NC/C=C/CN3CCN(c4cccc(Cl)c4Cl)CC3)cc2F)c1,9.301029996
Cc1cc(C(N)=O)c(-c2cccc(OC(=O)N3CCC(CCCc4ccccc4)CC3)c2)o1,8.045757491
O=C(CCCCCCc1ccccc1)c1ncc(-c2cc([N+](=O)[O-])ccn2)o1,8.853871964
Clc1ccc(Sc2oc(C3CCOCC3)nc2-c2cnn(CC3OCCO3)c2)cc1,7.0
O=C(NCCCCN1CCN(c2cccc(Cl)c2Cl)CC1)Oc1ccccc1,9.22184875
O=C(CCCCCCc1ccccc1)c1ncco1,7.602059991
CC(C)c1ccc(-c2cc(NC[C@H](O)c3ccccc3)ncn2)cc1,8.42945706
O=C(Oc1ccc([N+](=O)[O-])cc1)N1CCN(Cc2cccc(Oc3ccccc3)c2)CC1,8.744727495
O=C(Nc1ccc(F)cc1)N1CCN(Cc2ccc3ccccc3c2)CC1,7.522878745
CN(Cc1ccccc1)C(=O)N1CC(OC(c2ccc(Cl)cc2)c2cccnc2Cl)C1,6.37675071
CC(C)c1ccc(C(=O)C2CCN(C(=O)c3ccc(F)c(O)c3)CC2)cc1,6.552841969
CCn1c(=O)n([C@H]2CCCN(c3nccc(-c4ccc(Cl)s4)n3)C2)c2ncccc21,9.0
O=C(Nc1ccccc1)N1CCN(Cc2cccc(Oc3cccc(C(F)(F)F)c3)c2)CC1,7.049976093
O=C(CCCCCCc1ccccc1)C(F)(F)F,6.119186408
O=C(Nc1ccc(Oc2ccccc2)cc1)Oc1ccccc1F,6.508498234
Cc1ccncc1NC(=O)N1CC2(CCN(Cc3cccc(Oc4ccc(Cl)cc4)c3)CC2)C1,7.250031916
Cc1ccccc1NC(=O)N1CCC(c2nc(C3=NOC(c4ccccc4)C3)cs2)CC1,6.679853714
N#Cc1cccc(-c2ccc(-c3cc(C(=O)NC45CC6CC(CC(C6)C4)C5)no3)cc2)c1,7.022276395
O=C(Nc1ccccc1)N1CCN(Cc2ccc(C(F)(F)F)cc2)CC1,7.537602002
N#Cc1cc(-c2ccc3oc(NC4CCCCC4)nc3c2)ccc1O,7.522878745
O=C(N1CCN(Cc2cccc(Oc3ccccc3)c2)CC1)n1nnc2cccnc21,7.823908741
CCOC(=O)CCCCCn1c(CC)nc(-c2ccccc2)c1-c1ccccc1,7.698970004
O=C(N1CCN(C(c2ccccc2)c2ccccc2)CC1)n1ccnc1,6.346787486
OC(CNc1cc(-c2cccc(Cl)c2)ncn1)c1ccccc1,6.698970004
COc1ccc(N2CCN(C(=O)Oc3cccc(N4CCS(=O)(=O)CC4)c3)[C@H](C)C2)cc1,8.060480747
CCOC(=O)c1cc(-c2cccc(OC(=O)NC3CCCCC3)c2)n(-c2ccc([N+](=O)[O-])cc2)n1,7.419987887
Cc1ccc(NC(=O)N2CCN(c3nc(-c4ccccc4)ns3)CC2)cc1,6.501689446
CCc1ccc(CN2CCN(C(=O)Nc3ccccc3)CC2)cc1,6.962573502
CCOC(=O)c1cc(-c2cccc(OC(=O)NC3CCCCC3)c2)n(-c2ccc(Cl)cc2Cl)n1,7.259637311
O=C(Nc1ccccc1)N1CCN(Cc2cnc3ccc(Cl)cc3c2)CC1,7.823908741
COc1ccc(-c2cc(NC[C@H](O)c3ccccc3)ncn2)cc1C,7.552841969
O=C(NC1CCC(=Cc2cccc(Oc3ccc(C(F)(F)F)cn3)c2)CC1)c1cccnc1,9.173925197
COc1nn(Cc2ccc(-c3ccccc3)cc2)c(=O)o1,7.167491087
CCSc1ccc(-c2cc(NC[C@H](O)c3ccccc3)ncn2)cc1,8.920818754
O=C(Nc1ccccc1)N1CCN(Cc2ccc3c(c2)OCO3)CC1,6.853871964
O=C(Nc1cnccc1Cl)N1CC2(CN(Cc3cccc(Oc4ccc(Cl)cc4)c3)C2)C1,7.91721463
C=CCCCC(=O)N1C[C@@H]([C@@H](C)OC(=O)Cc2ccc(-c3ccccc3)cc2)C1=O,7.987162775
O=C(COc1ccc(-c2ccccc2)cc1)Nc1cccc(-c2nc3ncccc3o2)c1,6.669586227
COc1ccc(Oc2cccc(CN3CCN(C(=O)Nc4ccccc4)CC3)c2)cc1,8.193820026
O=C(N1CCCCC1)N1CC(OC(c2ccc3c(c2)OCO3)c2cccnc2Cl)C1,6.237321436
C=CCNC(=O)CCCCCCCCCCCCCCC,6.229147988
COc1ccc(N2CCN(C(=O)n3nnc4ccccc43)CC2)cc1,7.958607315
N#Cc1ccc(C2CCN(C(=O)Oc3cccc(N4CCS(=O)(=O)CC4)c3)CC2)cc1,7.840132153
CCn1c(=O)n([C@H]2CCCN(c3nccc(-c4ccccc4)n3)C2)c2ncccc21,7.552841969
C#CCN1C(=O)/C(=N/NC(=O)Nc2ccc(S(C)(=O)=O)cc2)c2cc(Cl)ccc21,7.585026652
CCOC(=O)c1cc(-c2ccc(OC(=O)NC3CCCCC3)cc2)nn1-c1ccc(OC)cc1,7.170310359
Cc1cc(C(N)=O)c(-c2cccc(OC(=O)N3CCC(NCCCc4ccccc4)CC3)c2)o1,7.161150909
CCCCCOc1ccc(NC(=O)O/N=C/c2ccccc2)cc1,8.522878745
Cn1ccc2cc(-c3ccc4oc(Nc5cccnc5)nc4c3)ccc21,7.049148541
O=C(Nc1ccc(OC(F)(F)F)cc1)N[C@H]1CC[C@H](Oc2ccc(C(=O)OCc3ccccc3)cc2)CC1,7.823908741
Cc1onc(NC(=O)N2CCN(c3nc(-c4ccccc4)ns3)CC2)c1C,8.823908741
O=C(CCCCCc1ccccc1)c1ncc(-c2ccccn2)o1,7.931814138
O=C(NCCCN1CCN(c2cccc(Cl)c2Cl)CC1)Oc1cccc2ccccc12,8.301029996
Cn1ccc2cc(-c3ccc4oc(N5Cc6cccnc6C5)nc4c3)ccc21,7.055517328
O=C(Nc1ccc(Cl)nn1)N1C[C@H]2CN(Cc3cccc(Oc4ccc(Cl)cc4)c3)C[C@H]2C1,6.847711656
O=C(Nc1cnc2[nH]ccc2c1)N1CC2(CCN(Cc3cccc(Oc4ccc(Cl)cc4)c3)CC2)C1,7.48148606
C=CCCCC(=O)O[C@H](C)[C@@H]1CN(C(=O)CCC=C)C1=O,7.698970004
O=C(Nc1ccccc1)N1CCN(Cc2ccccc2Cl)CC1,6.142667504
O=C(Oc1cccc(N2CCS(=O)(=O)CC2)c1)N1CCC(c2ccccc2)CC1,8.22184875
O=C(Oc1ccc([N+](=O)[O-])cc1)N1CCN(S(=O)(=O)c2ccc(C3CCCCC3)cc2)CC1,6.886056648
Cn1ccc2cc(-c3ccc4oc(Nc5ccc(F)cc5)nc4c3)ccc21,7.337242168
COCc1ccc(-c2ccc3oc(N4Cc5ccccc5C4)nc3c2)cc1OC,8.0
CCCCCCCCCCSCC(=O)C(F)(F)F,7.297569464
O=C(Nc1ccccc1)N1CCN(Cc2ccc(F)c(Br)c2)CC1,7.283996656
CCOC(=O)CCCc1ccc(-n2c(CC)nc(-c3ccccc3)c2-c2ccccc2)cc1,7.494850022
NC(=O)c1cccc(-c2ccc(OC(=O)NCCCCN3CCN(c4ccccc4)CC3)cc2)c1,8.522878745
COc1ccccc1N1CCN(CCCCNC(=O)Oc2cccc(-c3cccc(C(N)=O)c3)c2)CC1,8.698970004
CCCCCCCC/C=C/CCCCCCCC(=O)C(F)(F)F,6.096910013
CCOC(=O)N1CCN(C(=O)n2cncn2)CC1,7.200659451
CN(C)C(=O)[C@H]1C[C@@H]1c1ccc(-c2nc(C3CC3)n(C)c2Sc2ccc(Cl)cn2)cc1,7.552841969
COc1ccc(-c2ccc(COC3(C4CC4)CN(C#N)C3)c(F)c2)cc1F,9.0
O=C(Nc1ccccc1)N1CCN(Cc2cccc(Oc3cccc(Cl)c3)c2)CC1,7.161150909
NC(=O)c1cnc(C(=O)CCCCCCc2ccccc2)o1,6.879426069
Cn1nc(C(N)=O)cc1-c1ccc(OC(=O)NC2CCCCC2)cc1,7.075720714
CCCCC/C=C\C/C=C\C/C=C\C/C=C\CCCCP(=O)(F)OC,9.522878745
O=C(Nc1ccc(-c2nc(-c3ccc(Cl)cc3)cs2)cc1)C1CCN(S(=O)(=O)c2ccccc2Cl)CC1,7.806875402
CCCCCCCCCCCCP(=O)(F)OC,8.585026652
O=C(NCCCN1CCN(c2ccccc2C(F)(F)F)CC1)Oc1cccc2ccccc12,8.283996656
O=C(N1CCN(c2ccccc2)CC1)n1nnc2ccccc21,8.081445469
Clc1ccc(Sc2cn(-c3cccnc3)nc2-c2ccc(-c3ncon3)cc2)cc1,8.0
CCCCC/C=C\C/C=C\C/C=C\C/C=C\CCCC(=O)C(F)(F)F,8.008773924
O=C(OC(C(F)(F)F)C(F)(F)F)N1CC(c2ccn(C3CCOCC3)n2)C1,8.161150909
COc1cccc(-c2ccc(-c3cc(C(=O)NC45CC6CC(CC(C6)C4)C5)no3)cc2)c1,6.638272164
Cc1cc(C(=O)NC2CCC(=Cc3cccc(Oc4ccc(C(F)(F)F)cn4)c3)CC2)cnc1N,8.886056648
CCCCCCCCCCCCCCCC(=O)NCC,6.22184875
CN1CCC(c2nc(-c3ccc([S+](C)[O-])cc3)c(Sc3ccc(Cl)cn3)o2)CC1,6.455931956
O=C(N1CCC(Cc2ccccc2)CC1)N1CC(OC(c2ccc(Cl)cc2)c2cccnc2Cl)C1,6.721246399
O=C(Nc1ccccc1)N1CCN(Cc2ccc(Br)cc2)CC1,7.480040819
Cn1ccc2cc(-c3ccc4oc(N5Cc6ccncc6C5)nc4c3)ccc21,7.26760624
O=C(Nc1ccccc1)N1CCN(Cc2cnc3ccccc3c2)CC1,7.455931956
O=C(OC(C(F)(F)F)C(F)(F)F)N1CC(c2ccn(-c3ccccc3)n2)C1,7.0
OC(CNc1cc(-c2ccc(C(F)(F)F)c(Cl)c2)ncn1)c1cccc(C(F)(F)F)c1,7.045757491
COc1ccc(-c2cc(C(=O)NC3CCCCCC3)c(=O)n(Cc3ccc(F)cc3)c2C)cc1,6.397940009
Cn1cnc(-c2ccc([C@H]3C[C@@H]3C(N)=O)cc2)c1Sc1ccc(Cl)cc1,9.096910013
COc1nn(Cc2ccc(CC(C)C)cc2)c(=O)o1,7.366531544
Cn1ccc2cc(-c3ccc4oc(Nc5ccccn5)nc4c3)ccc21,7.124938737
O=C(Nc1ccncc1)N1CCN(Cc2cnc3ccccc3c2)CC1,6.397940009
O=C(Nc1ccccc1)N1CCN(Cc2cccc(F)c2)CC1,6.337242168
O=C(N/N=C/c1ccc(OCc2cccc(F)c2)cc1)c1nc2ccccc2[nH]1,6.296708622
COc1cccc(-c2ccc(S(=O)(=O)N3CCC34CN(C#N)C4)cc2)c1,8.096910013
Cc1nc2cc(NC(=O)N3CCN(Cc4cccc(Oc5ccc(Cl)cc5)c4)CC3)ccc2o1,8.270025714
O=C1O/C(=C/Br)CCC1c1cccc2ccccc12,6.619788758
Cc1ccc(CN2CCN(C(=O)Nc3ccccc3)CC2)cc1C,6.669586227
O=C(N1CCN(c2ccccc2)CC1)n1nnc2cccnc21,8.065501549
O=S(=O)(C1CCC1)N1CCc2c(ccnc2Nc2cnc3ccccc3c2)C1,7.573488739
O[C@@H](CNc1cc(-c2ccc(C(F)(F)F)c(Cl)c2)ncn1)c1ccccc1,8.397940009
O=C(Oc1ccc([N+](=O)[O-])cc1)N1C[C@@H]2[C@H](C1)[C@H]2c1ccn(-c2ccc(F)cc2)n1,7.920095532
CCCCCOc1ccc(NC(=O)O/N=C/c2cccnc2)cc1,8.301029996
O=C(Nc1ccccc1)N1CCC(Cc2ccccc2)CC1,6.991399828
O=C(Nc1ccc(-n2nccn2)nc1)N1CC2(CCN(Cc3cccc(Oc4ccc(Cl)cc4)c3)CC2)C1,7.721246399
Cc1noc(C2CCN(C(=O)Oc3cccc(N4CCS(=O)(=O)CC4)c3)CC2)n1,7.193820026
COc1ccccc1N1CCN(CCCCNC(=O)Oc2ccc(-c3cccc(C(N)=O)c3)cc2)CC1.Cl,8.096910013
CCCCc1ccc(C(=O)C2CCN(C(=O)c3ccc(F)c(O)c3)CC2)cc1,6.251811973
O=C(Nc1cccnc1)N1CCN(Cc2ccc3c(c2)OC(F)(F)O3)CC1,7.22475374
O=C(Nc1nccs1)N1CCC(c2nc(C3=NOC(c4ccccc4)C3)cs2)CC1,7.049976093
Cc1c(-c2ccccc2)cc(C(=O)NC2CCCCCC2)c(=O)n1Cc1ccc(F)cc1,6.71219827
O=C(N/N=C/c1ccc2[nH]ccc2c1)c1nc2ccccc2[nH]1,6.167491087
O=C(Nc1ccc(-c2nc3ccccc3s2)cc1)C1CCN(S(=O)(=O)c2ccccc2Cl)CC1,8.27572413
COCCOC(=O)N1CCC(c2nc(-c3ccc([S+](C)[O-])cc3)c(Sc3ccc(Cl)cn3)o2)CC1,7.080921908
O=C(Nc1ccccc1)N1CCN(Cc2cccc(Oc3ccc4c(c3)OCO4)c2)CC1,7.48148606
Cc1ccnc(-c2cnc(C(=O)CCCCCCc3ccccc3)o2)c1,9.004364805
NC(=O)c1cccc(-c2cccc(OC(=O)NCCCN3CCN(c4ccccc4)CC3)c2)c1,8.920818754
CN(C(=O)n1cnc(-c2ccc[n+]([O-])c2)c1)C1CCCCC1,7.552841969
O=C(Oc1ccc(C(F)(F)F)cc1)N1CCC(c2nc(C3=NOC(c4ccccc4)C3)cs2)CC1,9.455931956
O=C(Nc1ccccn1)N1CCN(Cc2ccc(Br)c(Br)c2)CC1,6.853871964
O=C(Nc1ccc(-n2nccn2)nc1)N1C[C@@H]2CCN(Cc3cccc(Oc4ccc(Cl)cc4)c3)[C@@H]2C1,6.958607315
O=C(Nc1cccnc1)N1CCCC(Cc2cccc(Oc3ccc(F)cc3)c2)C1,7.769551079
CCCCCCCOc1ccc(NC(=O)Oc2ccccc2F)cc1,7.790484985
O=C(NCCCCN1CCN(c2cccc(Cl)c2Cl)CC1)Oc1ccc2c(c1)[nH]c1ccccc12,8.254925208
CCCCOc1ccc(CNC(=O)Oc2ccc(F)cc2)cc1,8.455931956
CCCCCCCCCCCCS(=O)(=O)CC(=O)C(F)(F)F,7.0
O=C(Nc1ccc(Cl)cc1)N1CCN(Cc2ccc(Br)c(Br)c2)CC1,6.747146969
O=C(NC1CCCCC1)Oc1cccc(-c2ccccc2)c1,7.494850022
O=C(N1CCN(Cc2cccc(Oc3ccccc3)c2)CC1)n1ccnc1,7.958607315
CCCCOc1ccc(NC(=O)Oc2ccc(F)cc2)cc1,7.26760624
O=C(CCCCCc1ccccc1)c1nc2ncccc2o1,9.0
O=C(OC(C(F)(F)F)C(F)(F)F)N1CC(c2ccn(-c3cnccn3)n2)C1,9.0
Cn1ccc2cc(-c3ccc4oc(Nc5ccccc5)nc4c3)ccc21,7.552841969
O=C(CCCCCCc1ccccc1)c1nnc(-c2ccccn2)o1,9.0
C=CCNC(=O)N1C[C@@H]([C@@H](C)OC(=O)NCCc2ccccc2)C1=O,7.747146969
O=C(Nc1ccccn1)N1CCN(Cc2ccc3c(c2)OCO3)CC1,6.171340103
O=C(Oc1ccc([N+](=O)[O-])cc1)N1CCN(S(=O)(=O)c2ccc(Oc3ccccc3Cl)cc2)CC1,6.537602002
COCCOCC(=O)N1CCC(c2nc(-c3ccc([S+](C)[O-])cc3)c(Sc3ccc(Cl)cn3)o2)CC1,6.725842151
COc1ccncc1NC(=O)N1C[C@H]2CN(Cc3cccc(Oc4ccc(Cl)cc4)c3)C[C@H]2C1,6.347753659
O=C(Nc1cncc(F)c1)N1CC2(CCN(Cc3cccc(Oc4ccc(Cl)cc4)c3)CC2)C1,7.142667504
COc1cccc(-c2ccc(OC3CN(C(=O)Nc4cccnn4)C3)nc2)c1F,7.798602876
O=C(Nc1noc2ccncc12)N1CCN(Cc2cccc(Oc3ccc(Cl)cc3)c2)CC1,7.13076828
CCCCCC[C@H](C)OC(=O)CC(=O)CBr,6.20999648
O=C(N1CCN(Cc2ccc([N+](=O)[O-])cc2)CC1)n1nnc2ccccc21,7.366531544
NC(=O)c1cccc(-c2cccc(OC(=O)NCCCCCCc3ccccc3)c2)c1,7.991399828
CCCCCCCC/C=C\CCCCCCCC(=O)c1nnc(-c2ccccn2)o1,8.48148606
CCn1c(=O)n([C@H]2CCCN(c3nccc(-c4cccs4)n3)C2)c2ncccc21,7.744727495
CCOC(=O)CCCOc1ccc(-n2cnc(-c3ccccc3)c2-c2ccccc2)cc1,7.494850022
Cc1ccccc1OC(=O)N1CCC(c2nc(C3=NOC(c4ccccc4)C3)cs2)CC1,10.39794001
Cc1ccc(Oc2cccc(CN3CCN(C(=O)Nc4ccccc4)CC3)c2)cc1,8.070581074
C#CCCCCCCCCCNC(=O)Oc1cccc(-n2ccc(C(N)=O)c2)c1,7.15490196
O=C(Nc1ccccc1)N1CCN(Cc2cccc(Oc3ccc(Cl)c(Cl)c3)c2)CC1,7.886056648
C=CCCC(=O)O[C@H](C)[C@H]1C(=O)N(C(=O)CCC=C)[C@@H]1OC(C)=O,6.431798276
O=C(Nc1cccnc1)N1CC[C@@H]2CN(Cc3cccc(Oc4ccc(Cl)cc4)c3)C[C@@H]21,6.283996656
COc1nn([C@@H](C)c2ccc(N(c3ccccc3)c3ccccc3)cc2)c(=O)o1,7.337242168
CCOc1ccc(-c2cc(NC[C@H](O)c3ccccc3)ncn2)cc1Cl,8.853871964
O=C(Nc1cnc2[nH]ccc2c1)N1CCC2(CCN(Cc3cccc(Oc4ccc(Cl)cc4)c3)CC2)CC1,7.552841969
O=C(Nc1ccc(OC(F)(F)F)cc1)N[C@H]1CC[C@@H](Oc2ccc(C(=O)O)cc2)CC1,6.301029996
N#Cc1ccnc(-c2cnc(C(=O)CCCCCCc3ccccc3)o2)c1,9.15490196
O=C(NC1CCC(=Cc2cccc(Oc3ccc(C(F)(F)F)cn3)c2)CC1)c1cccnn1,8.187086643
CCOC(=O)c1cc(-c2cccc(OC(=O)NC3CCCCC3)c2)n(-c2ccc(OC)cc2)n1,7.30980392
COc1nn(-c2ccc(Oc3ccccc3)cc2)c(=O)o1,8.301029996
O[C@@H](CNc1cc(-c2ccc(C(F)(F)F)c(Cl)c2)ncn1)c1ccc(F)c(F)c1,8.387216143
O=C(CCCCCCc1ccccc1)c1ncc(-c2cc(F)ccn2)o1,8.677780705
CC(C)Oc1ccc(CN2CCN(C(=O)Nc3ccccc3)CC2)cc1,6.223298816
O=C(Nc1ccccc1)N1CCC(Cc2cnc3ccccc3c2)CC1,7.925915311
Cc1c([C@@H]2CCCN(c3nccc(-c4cc5ccccc5s4)n3)C2)c2cccnc2n1CCO,8.769551079
O=C(Nc1ccccc1)N1CCN(Cc2ccccc2Br)CC1,6.327902142
COCCOc1ccc(Cl)c(-c2ccc(OC3CN(C(=O)Nc4cccnn4)C3)nc2)c1,8.27572413
CC(C)Cc1ccc(C(C)C(=O)NCCc2c[nH]c3ccc(O)cc23)cc1,6.107905397
O=C(Oc1ccc(Cl)cc1)N1CCC(c2nc(C3=NOC(c4ccccc4)C3)cs2)CC1,10.09691001
O=C(Nc1cccc2nonc12)N1CCN(Cc2cccc(Oc3ccc(Cl)cc3)c2)CC1,7.769551079
CC(C)OC(=O)c1ccc(O[C@H]2CC[C@H](NC(=O)Nc3ccc(OC(F)(F)F)cc3)CC2)cc1,6.823908741
CCCCCCOc1ccc(NC(=O)ON=C(C)C)cc1,7.920095532
CCOc1ccc(NC(=O)O/N=C/c2ccccc2)cc1,7.397940009
O=C(Nc1ccccc1)N1CCN(Cc2ccc3cc[nH]c3c2)CC1,7.744727495
O=C(Nc1ccc(F)cc1)N1CCN(Cc2ccc3c(c2)OCO3)CC1,6.468521083
O=C(Nc1cccnc1)N1CCN(Cc2cccc(Oc3ccc(Br)cc3)c2)CC1,8.677780705
O=C(Nc1ccccc1)c1cccc(CN2CCN(C(=O)n3nnc4ccccc43)CC2)c1,7.643974143
CN1CCN(CCOC(=O)N2CCC(c3nc(-c4ccc([S+](C)[O-])cc4)c(Sc4ccc(Cl)cn4)o3)CC2)CC1,6.268411235
Cl.NC(=O)c1ccc(OC(=O)NCCCCN2CCN(c3cccc(Cl)c3Cl)CC2)c2ccccc12,8.537602002
O=C(Nc1ccccc1)N1CCN(Cc2cccc(Oc3cc(Cl)cc(Cl)c3)c2)CC1,6.105683937
O=C(Oc1cccc(N2CCS(=O)(=O)CC2)c1)N1CCC(c2ccncc2)CC1,7.22184875
CCCCCC[C@@H](C)OC(=O)CC(=O)CCl,6.642065153
O=C(Nc1nocc1Cl)N1C[C@H]2CN(Cc3cccc(Oc4ccc(Cl)cc4)c3)C[C@H]2C1,6.006123085
O=C(Oc1ccccc1)N1CCC(c2nc(C3=NOC(c4ccccc4)C3)cs2)CC1,10.15490196
COC(=O)c1ccc(Oc2cccc(CN3CCN(C(=O)Nc4ccccc4)CC3)c2)cc1,7.522878745
Cn1c(-c2ccc(NC(=O)C3CCN(S(=O)(=O)c4ccccc4Cl)CC3)cc2)nc2ccccc21,6.89279003
CCCCCCCCCCCOc1ccc(NC(=O)Oc2ccccc2F)cc1,7.958607315
O[C@@H](CNc1cc(-c2ccc(C(F)(F)F)c(F)c2)ncn1)c1ccccc1,8.026872146
COc1nn(Cc2ccc(OCc3ccccc3)cc2)c(=O)o1,6.804100348
CCCCCCOc1ccc(NC(=O)Oc2ccccc2F)cc1,6.638272164
C=CCCC(=O)N1C[C@@H]([C@@H](C)OCCCCc2ccccc2)C1=O,8.260032303
COc1nn(Cc2ccc(N(c3ccccc3)c3ccccc3)cc2)c(=O)o1,6.772113295
COc1ccc(-c2ccc3oc(NC4CCCCC4)nc3c2)cc1C,7.040958608
O=C(Nc1cnc2cc[nH]c2c1)N1CCN(Cc2cccc(Oc3ccc(Cl)cc3)c2)CC1,7.48148606
CCOC(=O)c1cc(-c2cccc(OC(=O)NC3CCCCC3)c2)n(C)n1,6.920818754
O=C(CCCC1CCN(Cc2ccc(Br)cc2)CC1)c1ncco1,7.580044252
Cc1ccccc1NC(=O)N1CCN(Cc2cnc3ccccc3c2)CC1,6.013228266
O=C(Nc1cccn2ccnc12)N1CCN(Cc2cccc(Oc3ccc(Cl)cc3)c2)CC1,6.920818754
O=C(Nc1ccccc1)C1CCN(S(=O)(=O)c2ccccc2Cl)CC1,6.730487056
CCCCCCCCCCC/C(=N\O)c1cc(-c2ccc(O)c(F)c2)ccc1O,6.161150909
O=C(Nc1cccnc1)N1CCC2(CCN(Cc3cccc(Oc4ccc(Cl)cc4)c3)CC2)CC1,7.795880017
CC(C)(C)c1ccc(Oc2cccc(CN3CCN(C(=O)Nc4ccccc4)CC3)c2)cc1,7.558776326
CCc1ccc(-c2ccc(NC(=O)Oc3ccccc3F)cc2)cc1,6.612610174
O=C(Nc1ccccc1)N1CCN(Cc2cccc(Oc3ccc(Cl)cc3)c2)CC1,8.346787486
O=C(Nc1ccccn1)N1CCN(Cc2cnc3ccccc3c2)CC1,6.443697499
CCCCCCCCCCCCOc1ccc(NC(=O)ON=C(C)C)cc1,8.431798276
O=C(Nc1cccnc1)N1CCC(Cc2cccc(Oc3ccc(Cl)cn3)c2)CC1,9.0
O=C(NC1CCC(=Cc2cccc(Oc3ccc(C(F)(F)F)cn3)c2)CC1)c1cncnc1,8.657577319
CC(=O)N1CCC(c2nc(-c3ccc([S+](C)[O-])cc3)c(Sc3ccc(Cl)cn3)o2)CC1,6.602059991
O=C(N/N=C/c1ccc(OCc2ccccc2)cc1)c1nc2ccccc2[nH]1,6.15490196
O=C(Nc1ccccc1)N1CCN(Cc2ccc(Cl)c(Cl)c2)CC1,7.494850022
O=C(Nc1cccnn1)N1CCN(c2cc(-c3ccc(F)cc3F)ccn2)CC1,8.698970004
CC(C)NC(=O)c1cc(-c2cccc(OC(=O)NC3CCCCC3)c2)n(-c2ccccc2)n1,7.031517051
O=C(CCCCCCc1ccccc1)c1nnc(-c2cccnc2)o1,7.883392256
Clc1ccc(Sc2oc(C3CCOCC3)nc2-c2ccc3ncnn3c2)cc1,7.301029996
CCn1c(=O)n([C@H]2CCCN(c3ccnc(-c4ccc(C)cc4)n3)C2)c2ccccc21,7.638272164
CCOC(=O)c1cc(-c2cccc(OC(=O)NC3CCCCC3)c2)nn1-c1ccc(OC)cc1,6.815308569
COc1ccccc1N1CCN(CCCCNC(=O)Oc2ccc3c(c2)[nH]c2ccccc23)CC1,7.638272164
CC(C)C(=O)N1CCC(CCCC(=O)c2ncco2)CC1,7.0
CN(C)c1ncc(-c2nc(C3CCOCC3)oc2Sc2ccc(Cl)cc2)cn1,8.0
O[C@@H](CNc1cc(-c2ccc(OCC(F)(F)F)cc2)ncn1)c1ccccc1,7.920818754
COc1ccc(OC(=O)N2CCC(c3nc(C4=NOC(c5ccccc5)C4)cs3)CC2)cc1,11.0
O=C(N1CCN(Cc2ccc(F)cc2)CC1)n1nnc2ccccc21,7.958607315
O=C(Nc1ccccc1Cl)N1CCC(Cc2ccccc2)CC1,6.187086643
C=CCCC(=O)N1C[C@@H]([C@@H](C)OC(=O)COCc2ccccc2)C1=O,7.721246399
O=C(O[C@H](CO)C(F)(F)F)N1C[C@@H]2[C@H](C1)[C@H]2c1ccn(-c2ccc(F)cc2)n1,6.26760624
O=C(Nc1cnccc1Cl)N1C[C@H]2CN(Cc3cccc(Oc4ccc(Cl)cc4)c3)C[C@H]2C1,7.096910013
Cn1ncc2c(-c3ccc4oc(N5Cc6ccccc6C5)nc4c3)cccc21,8.568636236
COc1cccc(-c2ccc3oc(N4Cc5ccccc5C4)nc3c2)c1,7.769551079
CC(C)(C)OC(=O)N1CCC(CCCC(=O)c2ncco2)CC1,8.721246399
C[C@@H](OC(=O)CCCCc1ccccc1)[C@@H]1CN(C(=O)CCc2ccccc2)C1=O,7.346787486
O=C(Nc1cnc2ccccn12)N1CCN(Cc2cccc(Oc3ccc(Cl)cc3)c2)CC1,7.568636236
NC(=O)c1cccc(-c2ccc(OC(=O)NC/C=C/CN3CCN(c4cccc(Cl)c4Cl)CC3)cc2)c1,8.958607315
O=C(O)c1cccc(NC(=O)N2CCN(Cc3cnc4ccccc4c3)CC2)c1,6.091514981
O=C(N1CCN(Cc2ccc(Oc3ccccc3)cc2)CC1)n1ccnc1,8.522878745
O=C(Nc1cccnc1)N1C[C@@H]2CN(Cc3cccc(Oc4ccc(Cl)cc4)c3)[C@@H]2C1,7.313363731
COc1cccc(CN2CCN(C(=O)Nc3ccccc3)CC2)c1,6.541664374
O=C(NCCCCCCc1ccccc1)Oc1cccc(-c2nn[nH]n2)c1,8.27572413
Cl.O=C(NCCCCN1CCN(c2cccc(Cl)c2Cl)CC1)Oc1cccc2[nH]cnc12,9.045757491
CCCCCCCCCOc1ccc(NC(=O)ON=C(C)C)cc1,8.698970004
O=C(Oc1cccc(N2CCS(=O)(=O)CC2)c1)N1CCC(c2ccc(F)cc2)CC1,8.096910013
O=C(NC1CCCCC1)Oc1cccc(-c2cc(C(=O)NC3CCCCC3)nn2-c2ccccc2)c1,6.939982457
CCCCOc1ccc(CNC(=O)Oc2cccc(Cl)c2)cc1,8.036212173
O=C(Nc1cccnc1)N1CCC2(CCN(Cc3cccc(Oc4ccc(Cl)cc4)c3)CC2)C1,6.498940738
COC(=O)c1ccc(O[C@H]2CC[C@H](NC(=O)Nc3ccc(OC(F)(F)F)cc3)CC2)cc1,7.657577319
Cc1nc(-c2ccccc2)c(-c2ccccc2)n1CCCCCC(NC(=O)Oc1ccccc1F)c1ccccc1,7.301029996
c1cc2c(ccn2C2COC2)cc1-c1ccc2oc(NC3CCCCC3)nc2c1,6.698970004
COc1nn(C(C)c2ccc(Oc3ccccc3)cc2)c(=O)o1,7.673664139
O=C(Nc1noc2cccnc12)N1CCN(Cc2cccc(Oc3ccc(Cl)cc3)c2)CC1,8.0
CCCCC/C=C\C/C=C\C/C=C\C/C=C\CCCC(=O)NCC1CC1,6.48945499
Cc1ccccc1N1CCN(CCCCNC(=O)Oc2ccc(-c3cccc(C(N)=O)c3)cc2)CC1,8.585026652
CN(C)C(=O)[C@H]1C[C@@H]1c1ccc(-c2ncn(C)c2Sc2ccc(Cl)cc2)cc1,9.522878745
O=C(N1CCN(Cc2cccc([N+](=O)[O-])c2)CC1)n1nnc2ccccc21,7.619788758
CCCCCCCCCCCCCCCCCCS(=O)(=O)F,8.494850022
COC(=O)c1cccc(NC(=O)N2CCN(Cc3cnc4ccccc4c3)CC2)c1,7.040005162
Cc1ccccc1N1CCN(C(=O)n2nnc3ccccc32)CC1,8.568636236
C=CCNC(=S)N1C[C@@H]([C@@H](C)OC(=O)CCCc2ccccc2)C1=O,7.200659451
Cc1onc(NC(=O)N2CCN(c3nc(-c4cccc(F)c4)ns3)CC2)c1C,8.568636236
COc1cc(OC(=O)NCCCCN2CCN(c3ccccc3OC)CC2)ccc1-c1ccccc1,7.619788758
CCOC(=O)c1cc(-c2ccc(OC(=O)NC3CCCCC3)cc2)nn1-c1ccc(Cl)cc1,6.698970004
O=C(N1CCC(F)CC1)N1CC(OC(c2ccc(Cl)cc2)c2cccnc2Cl)C1,6.350003493
O=C(Nc1ccn2ccnc2c1)N1CCN(Cc2cccc(Oc3ccc(Cl)cc3)c2)CC1,7.677780705
CCCCCCCCCCCOc1ccc(NC(=O)Oc2ccccc2)cc1,9.0
O=C(OCC(F)(F)F)N1C[C@@H]2[C@H](C1)[C@H]2c1ccn(-c2ccc(F)cc2)n1,6.571865206
CC(C)(C)OC(=O)N1CCC(c2nc(-c3ccc(S(C)(=O)=O)cc3)c(Sc3ccc(Cl)cn3)o2)CC1,7.494850022
O=C(NC1CCC(=Cc2cccc(Oc3ccc(C(F)(F)F)cn3)c2)CC1)c1cn[nH]n1,8.30980392
Cc1[nH]c2ncccc2c1C1CCCN(c2nccc(-c3cc4ccccc4s3)n2)C1,8.397940009
O=C(N1CCN(Cc2ccc(Oc3ccccc3)cc2)CC1)n1nnc2ccccc21,6.638272164
CCCCOc1ccc(NC(=O)O/N=C/c2ccc(F)cc2)cc1,8.698970004
O=C(Nc1ccc(Oc2ccc(C(=O)O)cc2)cc1)Nc1ccc(OC(F)(F)F)cc1,7.15490196
O=C(O)c1cccc(-c2cnc(C(=O)CCCCCCc3ccccc3)o2)c1,6.492144128
CC(C)c1ccc(CN2CCC(CCCC(=O)c3ncco3)CC2)cc1,8.522878745
O=C(OC(C(F)(F)F)C(F)(F)F)N1CC(c2cc(-c3ccccc3)n(-c3ccccc3)n2)C1,9.366531544
COc1ccnc(-c2cnc(C(=O)CCCCCCc3ccccc3)o2)c1,8.823908741
CCCCCCCC/C=C\CCCCCCCC(=O)c1ncc(-c2ccccc2)o1,6.083019953
OC(CNc1cc(-c2ccc(C(F)(F)F)c(Cl)c2)ncn1)c1ccc(Cl)c(F)c1,7.508638306
CC(C)NC(=O)c1cc(N2CCN(C(=O)n3nnc4ccccc43)CC2)ccc1[N+](=O)[O-],6.382999659
O=Cc1ccc(O[C@H]2CC[C@H](NC(=O)Nc3ccc(OC(F)(F)F)cc3)CC2)cc1,6.540607512
O=[N+]([O-])c1ccc(SC(=S)N2CCN(C/C=C/c3ccccc3)CC2)c([N+](=O)[O-])c1,6.126272619
O=C(Nc1ccccc1Cl)N1CCN(c2nc(-c3ccccc3)ns2)CC1,7.698970004
CCC(CCCCCn1c(C)nc(-c2ccccc2)c1-c1ccccc1)NC(=O)Oc1ccccc1F,7.721246399
CCCCCCCCCCOc1ccc(NC(=O)O/N=C/c2ccc(F)cc2)cc1,9.602059991
O=C(N1CCC(C(O)(c2ccc3c(c2)OCO3)c2ccc3c(c2)OCO3)CC1)n1cncn1,6.459670525
O=C(Oc1ccc([N+](=O)[O-])cc1)N1CCN(S(=O)(=O)c2ccc(Oc3ccc(Cl)cc3)cc2)CC1,7.180456064
Cc1cc(C(N)=O)c(-c2cccc(OC(=O)NC3CCN(CCc4ccccc4)CC3)c2)s1,7.102372909
CS(=O)(=O)c1ccc(NC(=O)N/N=C\c2cccc(Cl)c2Cl)cc1,6.55129368
Cc1cc(C(N)=O)c(-c2cccc(OC(=O)N3CCN(CCCc4ccccc4)CC3)c2)s1,7.954677021
CC1CCCCN1C(=O)N1CC(OC(c2ccc(Cl)cc2)c2cccnc2Cl)C1,6.079354999
CCCCCCCC/C=C\CCCCCCCC(=O)c1ncco1,6.417936637
C[C@@H]1CN(c2ccccc2)CCN1C(=O)Oc1cccc(N2CCS(=O)(=O)CC2)c1,7.920818754
CS(=O)(=O)c1ccc(-c2nc(-c3ccc(F)cc3)oc2Sc2ccc(Cl)cn2)cc1,7.759950228
CCCCCOc1ccc(-c2cc(C(=O)NC34CC5CC(CC(C5)C3)C4)no2)cc1,8.22184875
CCn1ccc2cc(-c3ccc4oc(NC5CCCCC5)nc4c3)ccc21,7.080921908
CC(=O)O[C@@H]1[C@@H]([C@@H](C)OC(=O)CCCc2ccccc2)C(=O)N1C(=O)CCc1ccccc1,6.575118363
Clc1ccc(Sc2oc(C3CCOCC3)nc2-c2cnc3[nH]ccc3c2)cc1,7.790484985
CCCCCCCCOc1ccc(NC(=O)Oc2ccccc2F)cc1,7.886056648
O=C(Nc1ccccc1)N1CCN(Cc2ccc3c(c2)CCC3)CC1,7.13667714
O=C(NCCCN1CCN(c2cccc(Cl)c2Cl)CC1)Oc1ccc(-c2ccccc2)cc1,8.552841969
N#Cc1cccc(OC(=O)N2CCN(c3nc(C4=NOC(c5ccccc5)C4)cs3)CC2)c1,9.698970004
O=C(Nc1ccc(OC(F)(F)F)cc1)N[C@H]1CC[C@H](Oc2ccc(C(=O)O)cc2)CC1,7.207608311
COc1ccc(Nc2nc3cc(-c4ccc5c(ccn5C)c4)ccc3o2)cc1,6.962573502
O=C(Nc1cccnc1)N1CC2CC1CN2Cc1cccc(Oc2ccc(Cl)cc2)c1,7.48148606
O=C(Nc1cccnn1)N1CCN(c2nccc(-c3ccc(F)c(F)c3)n2)CC1,9.173925197
O=C(Nc1cnccn1)N1CCN(Cc2cccc(Oc3ccc(Cl)cc3)c2)CC1,8.214670165
CCCCCCCCCCCCCCCC(=O)NCCCO,6.219682688
O=C(N1CCN(Cc2cccc(Cl)c2)CC1)n1nnc2ccccc21,8.200659451
O=C(NC1CCCCC1)Oc1ccc2ccccc2c1,6.896196279
C[S+]([O-])c1ccc(-c2nc(C3=CCOCC3)oc2Sc2ccc(Cl)cc2)cc1,7.950007143
CCOc1ccc(NC(=O)ON=C(C)C)cc1,6.63638802
O=C(Nc1ccncn1)N1CCN(Cc2ccc(Br)c(Br)c2)CC1,6.958607315
CCCCCCCCCCCCCCN1C(=O)C(c2ccccc2)(c2ccccc2)NC1=S,6.537602002
CC(C)NC(=O)c1ccc(N2CCN(C(=O)n3nnc4ccccc43)CC2)c([N+](=O)[O-])c1,7.170824926
O=C(Nc1ccc(-n2nccn2)nc1)N1C[C@@H]2CCN(Cc3cccc(Oc4ccc(Cl)cc4)c3)C[C@H]2C1,6.455931956
O=C(O)c1ccc(-c2cnc(C(=O)CCCCCCc3ccccc3)o2)nc1,7.537602002
CCCCCCCCCCCCCCCC(=O)NCCCCl,6.327902142
Cc1cc(CN2CCN(C(=O)Nc3ccccc3)CC2)c(C)n1-c1cccc(C(F)(F)F)c1,6.761953897
O=C(Nc1ccon1)N1CCN(Cc2cccc(Oc3ccc(Cl)cc3)c2)CC1,7.749579998
O=C(Nc1ccc(-c2nc(-c3ccc(F)cc3)cs2)cc1)C1CCN(S(=O)(=O)c2ccccc2Cl)CC1,7.910094889
CC(=O)Oc1ccc(O[C@H]2CC[C@H](NC(=O)Nc3ccc(OC(F)(F)F)cc3)CC2)cc1,7.26760624
Cc1c(-c2ccc(F)cc2)cc(C(=O)NC2CCCCCC2)c(=O)n1Cc1ccc(F)cc1,6.721246399
CN(C(=S)SSC(=S)N(C)C1CCCCC1)C1CCCCC1,6.142667504
O=C(Nc1cccnn1)N1CC(Oc2ccc(-c3ccccc3F)cn2)C1,7.920818754
O=S(=O)(Cc1ccccc1Cl)N1CCc2c(ccnc2Nc2cnc3ccccc3c2)C1,7.853871964
CN(C)C(=O)[C@H]1C[C@@H]1c1ccc(-c2ncn(C)c2Sc2ccc(Cl)cn2)cc1,9.0
CC(C)Cc1ccc(C(C)C(=O)CCl)cc1,6.22184875
O=C(Nc1ccccc1)c1cc(N2CCN(C(=O)n3nnc4ccccc43)CC2)ccc1[N+](=O)[O-],6.850780887
COc1ccc(/C=N\NC(=O)Nc2ccc(S(C)(=O)=O)cc2)cc1,7.657577319
CCCCCCCCCC[S+]([O-])CC(=O)C(F)(F)F,6.630005338
COc1cc(Br)cc(CN2CCN(C(=O)Nc3ccccc3)CC2)c1O,7.408935393
Cc1ccc2sc(-c3ccc(NC(=O)C4CCN(S(=O)(=O)c5ccccc5Cl)CC4)cc3)nc2c1,8.795880017
O=C(Nc1noc2ncccc12)N1CCN(Cc2cccc(Oc3ccc(Cl)cc3)c2)CC1,7.853871964
NC(=O)c1ccc(O[C@H]2CC[C@H](NC(=O)Nc3ccc(OC(F)(F)F)cc3)CC2)cc1,7.468521083
NC(=O)c1cc(-c2ccc(OC(=O)NC3CCCCC3)cc2)n(-c2ccccc2)n1,7.468521083
Cn1ncc2cc(-c3ccc4oc(N5Cc6ccccc6C5)nc4c3)ccc21,8.958607315
O=C(Nc1ccc(F)cc1)N[C@H]1CC[C@H](Oc2ccc(C(=O)O)cc2)CC1,6.149966742
CS(=O)(=O)c1ccc(NC(=O)N/N=C2/C(=O)Nc3ccccc32)cc1,7.657577319
COc1cc(-c2cnc(C(=O)CCCCCCc3ccccc3)o2)nc(OC)n1,6.818156412
O=C(Oc1ccc([N+](=O)[O-])cc1)N1CCN(S(=O)(=O)c2ccc(-c3ccccc3)cc2)CC1,6.795880017
Cc1ccccc1CN1CCC(CCCC(=O)c2ncco2)CC1,6.532984182
N#Cc1ccc(OC(=O)N2CCN(c3nc(C4=NOC(c5ccccc5)C4)cs3)CC2)cc1,10.04575749
COCCOc1cccc(-c2ccc(OC3CN(C(=O)Nc4cccnn4)C3)nc2)c1,7.886056648
O=C(N/N=C/c1ccc2ccccc2c1)c1nc2ccccc2[nH]1,6.033670505
CCCCOc1ccc(C(CC)NC(=O)Oc2cccc(N(C)C)c2)cc1,7.522878745
NC(=O)c1cccc(-c2ccc(OC(=O)NCCCN3CCN(c4cccc(Cl)c4Cl)CC3)cc2)c1,9.346787486
O=C(Nc1ccnc2nccn12)N1CCN(Cc2cccc(Oc3ccc(Cl)cc3)c2)CC1,8.585026652
Cl.O=C(NCCCCN1CCN(c2ccccc2C(F)(F)F)CC1)Oc1cccc2ccccc12,7.853871964
CCOC(=O)N1CCC(c2nc(-c3ccc([S+](C)[O-])cc3)c(Sc3ccc(Cl)cn3)o2)CC1,7.500038134
CCCCCCCOc1ccc(NC(=O)ON=C(C)C)cc1,8.22184875
CC(C)COc1ccc(CN2CCN(C(=O)Nc3ccccc3)CC2)cc1,6.443697499
O[C@@H](CNc1cc(-c2ccc(C(F)(F)F)cc2)ncn1)c1ccccc1,7.823908741
O=C(Nc1ccc(Br)cc1)C1CCN(S(=O)(=O)c2ccccc2Cl)CC1,7.229147988
C[C@@H](OC(=O)Cc1ccc(-c2ccccc2)cc1)[C@@H]1CN(C(=O)CCc2ccccc2)C1=O,7.543633967
O=C(ON1C(=O)CCC1=O)N1C[C@@H]2[C@H](C1)[C@H]2c1ccn(-c2ccc(F)cc2)n1,6.22184875
O=C(Nc1ccccc1)N1CCN(Cc2cccc(I)c2)CC1,7.283996656
COc1ccccc1NC(=O)N1CCN(Cc2ccc(Br)c(Br)c2)CC1,7.229147988
Cc1cccc(C)c1OC(=O)N1CCC(c2nc(C3=NOC(c4ccccc4)C3)cs2)CC1,6.40560745
O=C(Nc1noc2ccccc12)N1C[C@H]2CN(Cc3cccc(-c4ccccc4)c3)C[C@H]2C1,6.040481623
O=C(Nc1ccccc1)N1CCN(Cc2cccc(OCCN3CCCCC3)c2)CC1,6.390405591
CCCCCCCCCCCC[S+]([O-])CC(=O)C(F)(F)F,6.795880017
O=C(Nc1cccnc1)N1CCN(Cc2cc(Cl)cc(Oc3ccc(Cl)cc3)c2)CC1,8.26760624
Clc1ccc(Sc2oc(C3CCOCC3)nc2-c2ccc(N3CCOCC3)nc2)cc1,8.0
CCCCCCCCCCCOc1ccc(NC(=O)O/N=C/c2cccnc2)cc1,9.823908741
Cn1ccc2cc(-c3ccc4oc(Cc5ccccc5)nc4c3)ccc21,6.759450752
CCCCOc1ccc(C(CC)NC(=O)Oc2ccc(F)cc2)cc1,8.045757491
OC(CNc1cc(-c2ccc(C(F)(F)F)c(Cl)c2)ncn1)c1cccc(F)c1,7.455931956
Cc1ccccc1NC(=O)N1CCN(c2nc(-c3ccccc3)ns2)CC1,6.417936637
OC(CNc1cc(-c2ccc(C(F)(F)F)c(Cl)c2)ncn1)c1cccc(OC(F)(F)F)c1,6.987162775
Cc1nc(-c2ccccc2)c(-c2ccccc2)n1CCCCCCNC(=O)Oc1ccccc1,8.387216143
Cl.O=C(NCCCCN1CCN(c2cccc(Cl)c2Cl)CC1)Oc1ccc(C(=O)O)c2ccccc12,8.522878745
CCCCCCCCCCOc1ccc(NC(=O)Oc2ccccc2)cc1,8.886056648
O=C(CCCC1CCN(C(=O)C2CCCCC2)CC1)c1ncco1,7.586030028
NC(=O)c1cccc(-c2cccc(OC(=O)NC3CCCCC3)c2)c1,9.619788758
O=C(Nc1cccnn1)N1CC(Oc2ccc(-c3c(F)cccc3I)cn2)C1,7.958607315
O=[N+]([O-])c1ccc(SC(=S)N2CCC(Cc3ccccc3)CC2)c([N+](=O)[O-])c1,6.420216403
O=C(Nc1nn[nH]n1)N1CC2(CCN(Cc3cccc(Oc4ccc(Cl)cc4)c3)CC2)C1,6.244125144
COc1ccc(NC(=O)N2CCN(Cc3ccc(Br)c(Br)c3)CC2)cc1,7.431798276
CCC(C)/C=C(C)/C=C/C=C/C=C/C(=O)c1c(O)c(-c2ccc(O)cc2)c[nH]c1=O,6.522878745
COc1cc(NC(=O)N2CCN(c3nc(-c4ccccc4)ns3)CC2)ncn1,8.0
Cc1cccc2cc(CN3CCN(C(=O)Nc4ccccc4)CC3)c(Cl)nc12,7.823908741
NC(=O)c1ccn(-c2cccc(OC(=O)NC3CCN(CCc4ccccc4)CC3)c2)c1,6.920818754
O=C(NCCCCN1CCN(c2cccc(Cl)c2Cl)CC1)Oc1cccc2[nH]ccc12,8.397940009
Cl.O=C(NCCCCN1CCN(c2cccc(Cl)c2Cl)CC1)Oc1ccc(F)c2ccccc12,8.455931956
O=C(Nc1ccccc1)N1CCN(Cc2ccc(OC3CCCCC3)cc2)CC1,6.560667306
Cc1onc(NC(=O)N2CCN(c3nc(-c4ccc(F)cc4)ns3)CC2)c1C,8.920818754
O=C(Oc1cccc(-c2nn[nH]n2)c1)N1CCN(CCCc2ccccc2)CC1,7.0
Cc1onc(NC(=O)N2CCN(c3nc(-c4ccccc4)cs3)CC2)c1C,9.065501549
O=C(NC1CCCCC1)Oc1cccc(-c2cc(CO)nn2-c2ccccc2)c1,6.769551079
CCCOc1ccc(NC(=O)O/N=C/c2ccccc2)cc1,8.173925197
CC(C)S(=O)(=O)N1CCC(CCCC(=O)c2ncco2)CC1,7.214670165
O=C(Nc1cccnn1)N1CCN(c2nccc(-c3ccc(F)cc3F)n2)CC1,9.0
C[S+]([O-])c1ccc(-c2nc(C3CCN(C(=O)Oc4ccccc4)CC3)oc2Sc2ccc(Cl)cn2)cc1,7.801342913
N#Cc1cncnc1NC(=O)N1CCN(c2nc(-c3ccccc3)ns2)CC1,7.0
NC(=O)c1cccc(-c2ccc(OC(=O)NCCCCN3CCN(c4ccccc4C(F)(F)F)CC3)cc2)c1,8.638272164
Cn1cnc(-c2ccc([C@H]3C[C@@H]3C(=O)NCCF)cc2)c1Sc1ccc(Cl)cc1,9.0
COc1cccc(NC(=O)N2CCN(c3nc(-c4ccccc4)ns3)CC2)c1,6.440093375
COc1cc(OC(=O)NCCCCN2CCN(c3ccccc3OC)CC2)ccc1-c1cccc(C(N)=O)c1,7.494850022
O=C(Nc1ccccc1)N1CCN(Cc2ccc3cccc(Cl)c3n2)CC1,7.787812396
O=C(Nc1cccc(F)c1)N1CCN(c2nc(-c3ccccc3)ns2)CC1,7.200659451
O=C(Oc1cccc(N2CCS(=O)(=O)CC2)c1)N1CCC(c2ccc(OC(F)(F)F)cc2)CC1,8.522878745
C[S+]([O-])c1ccc(-c2nc(C3=CCC(O)CC3)oc2Sc2ccc(Cl)cc2)cc1,8.219970873
O=C(NCCCCN1CCN(c2cccc(Cl)c2Cl)CC1)Oc1cccc2ccccc12,8.301029996
CC(C)(O)c1cnc(-c2nn(-c3ccc(F)cc3)cc2Sc2ccc(Cl)cc2)cn1,7.698970004
O=C(N1CCCCC1)N1CC(OC(c2ccc(F)cc2)c2cccnc2Cl)C1,6.080001969
Cn1ccc2cc(-c3ccc4oc(N5CCc6ccccc6C5)nc4c3)ccc21,7.522878745
O=C(Oc1cccc(N2CCS(=O)(=O)CC2)c1)N1CCN(Cc2cccc(-c3ccccc3)c2)CC1,8.769551079
O=S(=O)(C1CCCCC1)N1CCc2c(ccnc2Nc2cnc3ccccc3c2)C1,7.346787486
CCCCCOc1ccccc1C(=O)NC12CC3CC(CC(C3)C1)C2,6.0
Cc1cccc(NC(=O)N2CCN(Cc3cnc4ccccc4c3)CC2)c1,7.091514981
Cn1ccc2cc(-c3ccc4oc(N5CCn6cccc6C5)nc4c3)ccc21,7.638272164
Cc1cccc(CN2CCC(CCCC(=O)c3ncco3)CC2)c1,7.356547324
O=C(Nc1cccnc1)N1CCN(Cc2cnc3ccccc3c2)CC1,6.173925197
COc1nn(C(C)c2cccc(-c3ccccc3)c2)c(=O)o1,6.536107011
O=C(Nc1ccc(Cl)cc1)N1CCN(c2nc(-c3ccccc3)ns2)CC1,6.886056648
Cc1c(C2CCCN(c3nccc(-c4cc5ccccc5s4)n3)C2)c2cccnc2n1CC#N,8.698970004
COc1nn(-c2ccc(NC(=O)OCc3ccccc3)c(C)c2)c(=O)o1,8.769551079
Cl.O=C(NCCCCN1CCN(c2cccc(Cl)c2Cl)CC1)Oc1cccc2c1OCCO2,7.721246399
O=C(N1CCCCC1)N1CC(OC(c2ccc(Cl)cc2)c2cccnc2Cl)C1,7.113509275
Cc1cc(C(N)=O)c(-c2cccc(OC(=O)NCCCCCCN3CCN(C)CC3)c2)o1,6.552841969
CCCCCCCCCOc1ccc(NC(=O)O/N=C/c2cccnc2)cc1,9.200659451
C=CCNC(=O)N1C[C@@H]([C@@H](C)OC(=O)COCc2ccccc2)C1=O,7.468521083
CN(Cc1ccccc1)C(=O)N1CC(O[C@@H](c2ccc(Cl)cc2)c2cccnc2Cl)C1,6.590066877
O=C(Nc1ccc(-c2nccs2)cc1)C1CCN(S(=O)(=O)c2ccccc2Cl)CC1,7.30980392
O=C(NCCCc1ccccc1)c1cc(-c2ccc(-c3ccccc3)cc2)on1,6.752026734
C=Cc1cccc(CN2CCN(C(=O)Nc3ccccc3)CC2)c1,6.698970004
O=C(Oc1ccccc1)N1CCN(c2nc(C3=NOC(c4ccccc4)C3)cs2)CC1,8.853871964
CCOC(=O)CCCOc1cccc(-n2cnc(-c3ccccc3)c2-c2ccccc2)c1,7.346787486
Cc1ccccc1C1CCN(C(=O)Oc2cccc(N3CCS(=O)(=O)CC3)c2)CC1,7.940058112
CCCCOc1ccc(NC(=O)O/N=C/c2ccccc2)cc1,8.22184875
Cc1cc(C(N)=O)c(-c2cccc(OC(=O)NCCCCCCc3ccccc3)c2)o1,7.309981219
COC(=O)c1ccnc(-c2cnc(C(=O)CCCCCCc3ccccc3)o2)c1,9.301029996
CC(C)Oc1ccc(CN2CCC(CCCC(=O)c3ncco3)CC2)cc1,7.995678626
CCCCCCCCSCC(=O)C(F)(F)F,7.035174882
O=C(CCCC1CCN(C(=O)OCc2ccccc2)CC1)c1ncco1,8.48148606
O=C(Nc1cccnn1)N1CCN(c2cc(-c3ccc(F)cc3F)ncn2)CC1,8.886056648
N#Cc1cccc(OC(=O)N2CCC(c3nc(C4=NOC(c5ccccc5)C4)cs3)CC2)c1,10.52287875
CCOC(=O)c1cc(-c2ccc(OC(=O)NC3CCCCC3)cc2)n(C)n1,7.397940009
CC1CCCN(C(=O)N2CC(OC(c3ccc(Cl)cc3)c3cccnc3Cl)C2)C1,6.455931956
NC(=O)c1ccc(-c2ccc(OC(=O)NCCCCN3CCN(c4cccc(Cl)c4Cl)CC3)cc2)cc1,9.22184875
CCCCCCOc1ccc(NC(=O)O/N=C/c2ccccc2)cc1,8.22184875
CCCCCCCCCCCCCCCC(=O)NCCCl,6.311580178
O=C(Nc1cccnc1)N1CCN(Cc2ccc(Br)c(Br)c2)CC1,7.795880017
O=C(Nc1cncc2ccccc12)N1C[C@H]2CN(Cc3cccc(Oc4ccc(Cl)cc4)c3)C[C@H]2C1,6.494850022
O=C(Nc1cccnc1Cl)N1CC2(CCN(Cc3cccc(Oc4ccc(Cl)cc4)c3)CC2)C1,7.004364805
O=C(Nc1cnc2cccnn12)N1CC2(CCN(Cc3cccc(Oc4ccc(Cl)cc4)c3)CC2)C1,6.886056648
O=C(Nc1ccc(F)cc1)N1CCN(Cc2cnc3ccccc3c2)CC1,7.229147988
Cc1cc(C(=O)O)c(-c2cccc(OC(=O)NCCCCCCc3ccccc3)c2)o1,8.096910013
CS(=O)(=O)c1ccc(-c2nc(-c3ccccc3)oc2Sc2ccc(Cl)cc2)cc1,8.0
O=C(Oc1ccc([N+](=O)[O-])cc1)N1CCN(S(=O)(=O)c2ccc(Oc3cccc(Cl)c3)cc2)CC1,6.84001195
CS(=O)(=O)c1ccc(NC(=O)N/N=C\c2c(Cl)cccc2Cl)cc1,8.061580354
c1ccc(CCN2CCc3c(ccnc3Nc3cnc4ccccc4c3)C2)cc1,8.657577319
COc1ccc(-c2ccc(COC3(c4cccnc4)CN(C#N)C3)c(F)c2)cc1F,8.721246399
Cc1cccc(CN2CCN(C(=O)Nc3ccccc3)CC2)c1,6.387216143
COc1cccc(-c2ccc(COC3(c4ccccc4)CN(C#N)C3)cc2)c1,7.507239611
O=C(Nc1ccn2ccnc2n1)N1CCN(Cc2cccc(Oc3ccc(Cl)cc3)c2)CC1,7.214670165
Cc1ccc(NC(=O)C2CCN(S(=O)(=O)c3ccccc3Cl)CC2)cc1,7.301029996
O=C(Nc1cccnc1)N1CCC(Cc2cccc(Oc3ccc(C(F)(F)F)cc3)c2)CC1,9.22184875
CCCOc1cccc(CN2CCN(C(=O)Nc3ccccc3)CC2)c1,7.15490196
CCn1c(=O)n(C2CCCN(c3cc(-c4cc5ccccc5o4)ncn3)C2)c2ncccc21,6.991399828
CCCCOc1ccc(NC(=O)O/N=C/c2cccnc2)cc1,7.970616222
O=C(N1CCC(C(c2ccc3c(c2)OCO3)c2ccc3c(c2)OCO3)CC1)n1cncn1,6.13667714
CCCCCCCCCCCCOc1ccc(NC(=O)O/N=C/c2ccccc2)cc1,8.677780705
Cn1c(=O)n(C2CCCN(c3nccc(-c4cc5ccccc5o4)n3)C2)c2ccccc21,7.721246399
CCOC(=O)c1cc(-c2cccc(OC(=O)NC3CCCCC3)c2)n(CC)n1,7.318758763
O=C(Nc1cccc(F)c1)N1CCN(Cc2ccc(Br)c(Br)c2)CC1,7.886056648
Cc1ccc(-c2cc(NCC(O)c3ccccc3)ncn2)cc1C,6.764471553
O=C(Nc1cnccc1C(F)(F)F)N1CC2(CCN(Cc3cccc(Oc4ccc(Cl)cc4)c3)CC2)C1,6.714442691
C=CCCC(=O)N1C[C@@H]([C@@H](C)OC(=O)Cc2ccc(-c3ccccc3)cc2)C1=O,8.045757491
CCCCCCCCCOc1ccc(NC(=O)O/N=C/c2ccc(F)cc2)cc1,9.698970004
Cc1cc(C(=O)O)c(-c2cccc(OC(=O)N3CCN(CCCc4ccccc4)CC3)c2)o1,7.244125144
CCCCCCCCCCCOc1ccc(NC(=O)O/N=C/c2ccc(F)cc2)cc1,9.443697499
O=C(CCCC1CCN(Cc2ccccc2Br)CC1)c1ncco1,6.920818754
O=C(Nc1cccnn1)N1CC(Oc2ccc(-c3ccccc3)cn2)C1,7.638272164
OC(CNc1cc(-c2cccc(C(F)(F)F)c2)ncn1)c1ccccc1,6.920818754
CCCCC/C=C\C/C=C\C/C=C\C/C=C\CCCCN1C(=O)CCC1=O,6.356547324
CCn1c(=O)n(C2CCCN(c3nccc(-c4cc5ccccc5o4)n3)C2)c2ncccc21,7.886056648
COc1ccc(-c2cc(NCC(O)c3ccccc3)ncn2)cc1,6.924453039
COc1cccc(NC(=O)N2CCN(Cc3ccc(Br)c(Br)c3)CC2)c1,7.552841969
NC(=O)Cn1ccc2cc(-c3ccc4oc(NC5CCCCC5)nc4c3)ccc21,7.055517328
FC(F)(F)c1ccc(Nc2nccc3c2CCN(Cc2ccccc2)C3)cn1,6.366531544
O=C(Nc1ccccc1)N1CCN(CCCc2ccccc2)CC1,6.455931956
CCCCCCCCOc1ccc(NC(=O)O/N=C/c2ccccc2)cc1,9.397940009
Cn1cnc(-c2ccc([C@H]3C[C@@H]3C(N)=O)cc2)c1Sc1ccc(Cl)cn1,8.568636236
CCCCCCOc1ccc(NC(=O)O/N=C/c2ccc(F)cc2)cc1,8.292429824
O=C(N1CCN(C(c2ccc(F)cc2)c2ccc(F)cc2)CC1)n1cncn1,6.958607315
O=C(OC(C(F)(F)F)C(F)(F)F)N1CC(N2CCN(c3ncccn3)CC2)C1,6.335358024
CCCCCCCNC(=O)Oc1cccc(CN(C)CCCCCOc2ccc3[nH]c(=O)ccc3c2)c1,6.602059991
Cc1nc(-c2ccccc2)c(-c2ccccc2)n1CCCCCC(NC(=O)Oc1ccccc1F)C(C)C,7.0
Cc1c(Br)cc(C(=O)NC2CCCCCC2)c(=O)n1Cc1ccc(F)cc1,6.017728767
O=C(Nc1ccccc1)N1CCN(Cc2ccc(OCc3ccccc3)cc2)CC1,7.688246139
O=C(Nc1cccc2nccn12)N1CCN(Cc2cccc(Oc3ccc(Cl)cc3)c2)CC1,8.638272164
O=C(Nc1cccnc1)N1CCC2(CCN(Cc3cccc(Oc4ccc(Cl)cc4)c3)C2)CC1,7.346787486
O=C(Nc1ccccc1)N1CCN(Cc2cccc(S(=O)(=O)c3ccc(Cl)cc3)c2)CC1,7.301029996
C=CCCCC(=O)N1C[C@@H]([C@@H](C)OC(=O)CCCc2ccccc2)C1=O,8.15490196
O=C(Nc1ccccc1)N1CCN(Cc2ccc3c(c2)OC(F)(F)O3)CC1,7.37675071
COc1nn(Cc2ccc3ccccc3c2)c(=O)o1,6.214670165
CCOC(=O)CC(C)CCCCCn1c(C)nc(-c2ccccc2)c1-c1ccccc1,7.244125144
O=C(Nc1cccnc1)N1CCC2(CCCN2Cc2cccc(Oc3ccc(Cl)cc3)c2)CC1,6.501689446
CCCCCCCC/C=C\CCCCCCCNC(=O)OCc1cccnc1,7.508638306
O=C(Nc1cccnc1)N1C[C@H]2CN(Cc3cccc(Oc4ccc(Cl)cc4)c3)C[C@H]2C1,6.15490196
CCCCc1ccc(S(=O)(=O)N2CCN(C(=O)Oc3ccc([N+](=O)[O-])cc3)CC2)cc1,7.13667714
O=C(CCCC1CCN(Cc2ccccc2Cl)CC1)c1ncco1,7.0
O=C(Oc1ccc(C(F)(F)F)cc1)N1CCN(c2nc(C3=NOC(c4ccccc4)C3)cs2)CC1,9.795880017
O=C(Nc1cccnc1)N1CCC(Cc2cccc(Oc3ccc(C(F)(F)F)cn3)c2)CC1,8.698970004
CCCCOc1ccc(C(CC)NC(=O)Oc2ccccc2)cc1,8.045757491
O=C(Nc1cccnn1)N1CCN(Cc2cccc(Oc3ccc(Cl)cc3)c2)CC1,8.270025714
CCCCCCCC(=O)c1c(O)c(-c2ccc(O)cc2)c[nH]c1=O,6.642065153
O=C(Nc1ccc(OC(F)(F)F)cc1)N[C@H]1CC[C@H](Oc2ccc(CO)cc2)CC1,6.030118356
NC(=O)c1ccn(-c2cccc(OC(=O)NCCCCCCc3ccccc3)c2)c1,8.522878745
O=C(Nc1cccnn1)N1CCC(=Cc2cccc(Oc3ccc(C(F)(F)F)cn3)c2)CC1,8.795880017
CCCCCOc1ccccc1-c1cc(C(=O)NC2CCCCCC2)no1,6.05207638
O=C(CCCCCCc1ccccc1)c1ncc(C(=O)N2CCCCC2)o1,6.782516056
C[C@H]1CN(c2ccc(F)cc2)CCN1C(=O)Oc1cccc(N2CCS(=O)(=O)CC2)c1,7.455931956
O=C(Nc1cnc2[nH]ccc2c1)N1CCN(Cc2cccc(Oc3ccc(Cl)cc3)c2)CC1,8.522878745
NC(=O)c1ccn(-c2cccc(OC(=O)N3CCN(CCCc4ccccc4)CC3)c2)c1,8.096910013
COc1cccc(CN2CCC(CCCC(=O)c3ncco3)CC2)c1,7.66756154
O=C1/C(=N/c2nc3ccccc3[nH]2)c2ccccc2N1C(=O)c1ccc(Cl)cc1Cl,6.48148606
O=C(Nc1ccncc1)N1CCN(Cc2ccc3c(c2)OC(F)(F)O3)CC1,6.455931956
O=C(O)c1cnc(C(=O)CCCCCCc2ccccc2)o1,6.568636236
Cc1cccc(NC(=O)N2CCN(c3nc(-c4ccccc4)ns3)CC2)c1,7.107905397
OC(CNc1cc(-c2ccc(Cl)cc2)ncn1)c1ccccc1,6.619788758
O=C(Nc1ccc(-n2cccn2)nc1)N1CC2(CCN(Cc3cccc(Oc4ccc(Cl)cc4)c3)CC2)C1,7.619788758
CS(=O)(=O)c1ccc(-c2nn(-c3ccc(F)cc3)cc2Sc2ccc(Cl)cc2)cc1,7.929962133
[11CH3]n1cc(Sc2ccc(Cl)cc2)c(-c2ccc3ccc(C(N)=O)nc3c2)n1,9.301029996
CCc1nc(-c2ccccc2)c(-c2ccccc2)n1CCCCCCCC(=O)OC,7.721246399
COc1cc(OC(=O)NCCCCN2CCN(c3cccc(Cl)c3Cl)CC2)ccc1-c1cccc(C(N)=O)c1,8.619788758
Cc1cccnc1NC(=O)C(C)c1ccc(Nc2ccnc(C(F)(F)F)c2)cc1,6.428291168
CC(=O)c1ccc(-c2cc(NC[C@H](O)c3ccccc3)ncn2)cc1F,8.568636236
O=C(OC(C(F)(F)F)C(F)(F)F)N1CC(c2ccn(Cc3ccccc3)n2)C1,9.795880017
O=C(Nc1ccncn1)N1CCN(Cc2cccc(Oc3ccc(Cl)cc3)c2)CC1,7.638272164
NC(=O)c1cccc(-c2ccc(OC(=O)NCCCCN3CCN(c4cccc(Cl)c4Cl)CC3)cc2)c1,9.22184875
CC(C)OC(=O)N1CCC(CCCC(=O)c2ncco2)CC1,8.494850022
N#Cc1cccc(C(O)CNc2cc(-c3ccc(C(F)(F)F)c(Cl)c3)ncn2)c1,7.537602002
O=C(Nc1noc2ccccc12)N1CCC(c2nc(-c3ccccc3)cs2)CC1,7.630042393
C=CCNC(=S)N1C[C@@H]([C@@H](C)OC(=O)NCCc2ccccc2)C1=O,6.576754126
O=C(Oc1ccc([N+](=O)[O-])cc1)N1CCN(S(=O)(=O)c2ccc(Oc3ncc(C(F)(F)F)cc3Cl)cc2)CC1,6.283996656
O=C(Oc1ccc([N+](=O)[O-])cc1)N1CCN(S(=O)(=O)c2ccc(Oc3ccc(Cl)c(Cl)c3)cc2)CC1,6.920818754
O=C(N1CCN(C(c2ccccc2)c2ccccc2)CC1)n1nnc2cccnc21,6.568636236
CN(C)c1ccc(C2CCN(C(=O)Oc3cccc(N4CCOCC4)c3)CC2)cc1,7.721246399
O=C(Nc1noc2ccccc12)N1C[C@H]2CN(Cc3ccc4ccccc4c3)C[C@H]2C1,6.009998765
CCCCOc1ccc(CNC(=O)Oc2ccccc2F)cc1,8.173925197
COc1ccc2cc(CN3CCN(C(=O)Nc4ccccc4)CC3)ccc2c1,6.468521083
O=C(Nc1ncccn1)N1CCN(c2nc(-c3ccccc3)ns2)CC1,6.995678626
O=C(CCCCCCc1ccccc1)c1ncc(-c2c[nH]c(=O)[nH]c2=O)o1,6.645891561
C=CCNC(=O)N1C[C@@H]([C@@H](C)OC(=O)CCCc2ccccc2)C1=O,8.37675071
O=C(CCCCCCc1ccccc1)c1nc2ncccc2o1,9.522878745
CCCCCCCCCCOc1ccc(NC(=O)Oc2ccccc2F)cc1,8.187086643
N#Cc1ccc(CN2CCN(C(=O)Nc3ccccc3)CC2)cc1,6.148741651
Cn1c(CN2CCN(C(=O)Nc3ccccc3)CC2)cc2ccccc21,7.795880017
O=C(N1CCC(F)(F)CC1)N1CC(OC(c2ccc(Cl)cc2)c2cccnc2Cl)C1,6.076238039
CCOC(=O)c1cc(-c2cccc(OC(=O)NC3CCCCC3)c2)n(-c2ccc(Cl)cc2)n1,7.958607315
Cl.O=C(NCCCCN1CCN(c2cccc(Cl)c2Cl)CC1)Oc1ccc(O)c2ccccc12,8.337242168
O=C(Oc1cccc(Cl)c1)N1CCC(c2nc(C3=NOC(c4ccccc4)C3)cs2)CC1,9.397940009
O=C(Nc1ccccn1)N1CCN(c2nc(-c3ccccc3)ns2)CC1,7.301029996
O=C(Nc1cccc(Cl)c1)N1CCN(Cc2cnc3ccccc3c2)CC1,7.091514981
O=C(Nc1cc[nH]n1)N1CC2(CCN(Cc3cccc(Oc4ccc(Cl)cc4)c3)CC2)C1,6.030002001
O=C(Nc1ccccc1)N1CCN(Cc2ccc3ccccc3c2O)CC1,7.920818754
CCn1c(=O)n([C@H]2CCCN(c3ccnc(-c4ccc(Cl)cc4)n3)C2)c2ccccc21,7.721246399
O=C(NC12CC3CC(CC(C3)C1)C2)c1cc(-c2ccccc2)on1,6.769551079
O=C1C=CC(=O)N1c1ccc(-c2ccccc2)cc1,6.020001176
O=C(O)CNC(=O)c1ccc(O[C@H]2CC[C@H](NC(=O)Nc3ccc(OC(F)(F)F)cc3)CC2)cc1,7.236572006
CCCCCCCCCCOc1ccc(NC(=O)O/N=C/c2cccnc2)cc1,9.455931956
CCCCCCCCCCC(=O)C(F)(F)F,6.518557371
O[C@@H](CNc1cc(-c2ccc(F)cc2)ncn1)c1ccccc1,6.455931956
Nc1ncc(C(=O)NC2CCC(=Cc3cccc(Oc4ccc(C(F)(F)F)cn4)c3)CC2)cc1Cl,8.494850022
O=C(Nc1ccccc1)N1CCN(Cc2cccc(Oc3cc4ccccc4c4ccccc34)c2)CC1,6.27572413
O=C(Nc1noc2ccccc12)N1C[C@@H]2CCN(Cc3cccc(Oc4ccc(Cl)cc4)c3)C[C@H]2C1,6.232102384
COc1ccc(-n2nc(C(N)=O)cc2-c2cccc(OC(=O)NC3CCCCC3)c2)cc1,6.634512015
O=C(Nc1cccnn1)N1CCN(c2cccc(-c3ccc(F)cc3F)n2)CC1,7.639974911
O=C(CCCC1CCN(S(=O)(=O)Cc2ccccc2)CC1)c1ncco1,6.697885623
CN(Cc1ccccc1)C(=S)Sc1ccc([N+](=O)[O-])cc1[N+](=O)[O-],6.585026652
O=C(c1cccc(O)c1)N1CCC(Cc2cccc(Oc3ccc(C(F)(F)F)cn3)c2)CC1,6.018181393
O=C(Nc1cccc(-c2ccccc2)c1)OC1CCCCC1,6.045757491
COc1ccc(NC(=O)N2CCN(Cc3cnc4ccccc4c3)CC2)cc1,6.991399828
Cn1ccc2cc(-c3ccc4oc(N5CCN(c6ccccc6)CC5)nc4c3)ccc21,7.494850022
O=C(CCCC1CCN(C(=O)CCC2CCCCC2)CC1)c1ncco1,8.602059991
O=C(Nc1noc2ccccc12)N1CCC2(CC1)CN(Cc1cccc(Oc3ccc(Cl)cc3)c1)C2,7.259637311
O=C(Nc1ccccc1)N1CCN(Cc2ccc3[nH]ccc3c2)CC1,6.200659451
CCCCCCCCCCCCS(=O)(=O)F,8.585026652
C=CCCC(=O)N1C[C@@H]([C@@H](C)OC(=O)CCCc2ccncc2)C1=O,6.920818754
Clc1ccc(Sc2oc(C3CCOCC3)nc2-c2cn[nH]c2)cc1,7.193820026
CCCCC/C=C\C/C=C\C/C=C\C/C=C\CCCC(=O)Nc1cccnc1,6.522878745
O=C(N1CCN(C(c2ccccc2)c2ccccc2)CC1)n1cncn1,6.790002704
N#Cc1ccc(-c2cc(NC[C@H](O)c3ccccc3)ncn2)cc1,6.744727495
CCOC(=O)c1cc(-c2ccc(OC(=O)NC3CCCCC3)cc2)nn1-c1ccccc1,6.698970004
CCCCOc1cccc(NC(=O)ON=C(C)C)c1,6.0
O=C(N1CCN(Cc2cccc(Oc3ccccc3)c2)CC1)n1cncn1,8.638272164
C/C(=N/NC(=O)Nc1ccc(S(C)(=O)=O)cc1)c1ccc([N+](=O)[O-])cc1,6.576754126
O=[N+]([O-])c1ccc(SC(=S)N2CCN(Cc3ccc(Br)cc3)CC2)c([N+](=O)[O-])c1,6.537602002
CCCCOc1ccc(CNC(=O)Oc2cccc(C(F)(F)F)c2)cc1,7.638272164
CCCCCCCCCCCCOc1ccc(NC(=O)Oc2ccccc2)cc1,8.823908741
O=C(Nc1cccc2nsnc12)N1CCN(Cc2cccc(Oc3ccc(Cl)cc3)c2)CC1,8.366531544
CS(=O)(=O)Oc1cccc(CN2CCN(C(=O)Nc3ccccc3)CC2)c1,6.567030709
O=C(Nc1ccc(Cl)cc1)N1CCN(Cc2cnc3ccccc3c2)CC1,6.853871964
Cn1cnc(-c2ccc([C@H]3C[C@@H]3C(=O)NCCF)cc2)c1Sc1ccc(Cl)cn1,8.886056648
COc1nn(C(C)c2ccc(CC(C)C)cc2)c(=O)o1,7.823908741
O=C(Nc1ccccc1F)N1CCN(Cc2ccc(Br)c(Br)c2)CC1,7.853871964
O=C(Nc1noc2ccccc12)N1CCN(c2nc(-c3ccccc3)no2)CC1,7.37675071
CS(=O)(=O)c1ccc(Oc2cccc(CN3CCN(C(=O)Nc4ccccc4)CC3)c2)cc1,7.494850022
CCOc1ccc(CN2CCN(C(=O)Nc3ccccc3)CC2)cc1,6.390405591
CCOC(=O)c1cc(-c2ccc(OC(=O)NC3CCCCC3)cc2)nn1CC,6.677780705
C=CCN1C(=O)/C(=N/NC(=O)Nc2ccc(S(C)(=O)=O)cc2)c2cc(Cl)ccc21,7.292429824
CCn1c(=O)n([C@H]2CCCN(c3nccc(-c4cc5ccccc5s4)n3)C2)c2ncccc21,8.744727495
Nc1ncc(C(=O)NC2CCC(=Cc3cccc(Oc4ccc(C(F)(F)F)cn4)c3)CC2)cn1,9.22184875
O=C(NC1CCC(=Cc2cccc(Oc3ccc(C(F)(F)F)cn3)c2)CC1)c1cn[nH]c1,8.638272164
COCCOc1ccc(OC)c(-c2ccc(OC3CN(C(=O)Nc4cccnn4)C3)nc2)c1,7.886056648
O=C(Nc1ccccc1)N1CCN(Cc2ccc(/C=C/c3ccccc3)cc2)CC1,6.01278077
CCCCCCCCCCCOc1ccc(NC(=O)ON=C(C)C)cc1,8.443697499
O=C(OC(C(F)(F)F)C(F)(F)F)N1C[C@@H]2[C@H](C1)[C@H]2c1ccn(-c2ccc(F)cc2)n1,6.15490196
C/C(=N/NC(=O)Nc1ccc(S(C)(=O)=O)cc1)c1ccc(Br)cc1,7.30980392
O=C(Nc1ccccc1)N1CCN(Cc2ccc(F)cc2)CC1,6.301029996
CCn1c(=O)n([C@H]2CCCN(c3nccc(-c4cc5ccccc5o4)n3)C2)c2ncccc21,8.318758763
O=C(Nc1cccnn1)N1CCN(c2nccc(-c3cccc(F)c3F)n2)CC1,10.1426675
O=C(Nc1cccnn1)N1CCN(c2nc(-c3ccccc3)ns2)CC1,8.619788758
O=C(CCCCCCc1ccccc1)c1ncc(-c2ccccn2)o1,9.443697499
c1ccc2ncc(Nc3nccc4c3CCN(CC3CCCCC3)C4)cc2c1,7.769551079
O=C(O)c1cccc(-c2cnc(C(=O)CCCCCCc3ccccc3)o2)n1,7.318758763
CCCCOc1ccc(C(CC)NC(=O)Oc2ccccc2F)cc1,8.274088368
O=C(Nc1ccncn1)N1CCN(c2nc(-c3ccccc3)ns2)CC1,8.096910013
CCOC(=O)c1cc(-c2cccc(OC(=O)NC3CCCCC3)c2)nn1CC,6.744727495
COC[C@@H](OC(=O)N1C[C@@H]2[C@H](C1)[C@H]2c1ccn(-c2ccc(F)cc2)n1)C(F)(F)F,6.420216403
CCNC(=O)N1CCN(CCCC(c2ccc(F)cc2)c2ccc(F)cc2)CC1,6.774690718
CCn1c(=O)n([C@H]2CCCN(c3ccnc(-c4ccc(Cl)s4)n3)C2)c2ccccc21,7.508638306
CCCCCCCCCCCCSCC(=O)C(F)(F)F,7.387216143
CN1CCN(C(=O)c2cccc(CN3CCN(C(=O)n4nnc5ccccc54)CC3)c2)CC1,6.494850022
O=C(Nc1ccccc1)N1CCN(Cc2ccc(-c3ccccc3)cc2)CC1,6.149997414
C[S+]([O-])c1ccc(-c2nc(C3CCNCC3)oc2Sc2ccc(Cl)cn2)cc1,6.48148606
O=C(CCCCCCCc1ccccc1)c1ncc(-c2ccccn2)o1,8.22184875
O=C(Nc1ccccc1)N1CCN(Cc2cccc(Oc3ccccc3)c2)CC1,7.443697499
O=C(Nc1noc2ccccc12)N1CCN(Cc2cccc(Oc3ccc(Cl)cc3)c2)CC1,8.096910013
O=C(Nc1ccc(F)cc1)N1CCN(Cc2ccc(Br)c(Br)c2)CC1,7.853871964
COc1ccccc1N1CCN(CCCNC(=O)Oc2ccc(-c3ccccc3)cc2)CC1.Cl,8.657577319
CS(=O)(=O)c1ccc(NC(=O)N/N=C\c2ccc(O)cc2)cc1,6.627087997
C=CCOC(=O)N1C[C@@H]([C@@H](C)OC(=O)COCc2ccccc2)C1=O,7.721246399
O=C(NC12CC3CC(CC(C3)C1)C2)c1cc(-c2ccc(-c3cccc(CN4CCOCC4)c3)cc2)on1,6.607303047
O=C(Nc1ccccc1)N1CCN(Cc2cccc3ccccc23)CC1,6.549750892
COc1nn([C@H](C)c2ccc(CC(C)C)cc2)c(=O)o1,7.017728767
O=C(Nc1ccccc1)N1CCN(Cc2ccc3ccc4cccc5ccc2c3c45)CC1,7.346787486
COc1nn(C(C)c2ccccc2)c(=O)o1,6.009998765
O=C(NC1C2CC3CC(C2)CC1C3)c1cc(-c2ccccc2)on1,6.207608311
CCn1c(=O)n([C@H]2CCCN(c3ccnc(-c4cccc(F)c4)n3)C2)c2ccccc21,7.530030791
C/C(=N/NC(=O)Nc1ccc(S(C)(=O)=O)cc1)c1ccc(F)cc1,7.346787486
CS(=O)(=O)c1ccc(NC(=O)N/N=C\c2ccc(F)cc2)cc1,6.640164518
COC(=O)COc1ccc(-n2cnc(-c3ccccc3)c2-c2ccccc2)cc1,6.657577319
O=C(Nc1cc[nH]n1)N1CCN(Cc2cccc(Oc3ccc(Cl)cc3)c2)CC1,7.692503962
O=C(Nc1cnc2ccccn12)N1CC2(CCN(Cc3cccc(Oc4ccc(Cl)cc4)c3)CC2)C1,6.920818754
CCCCCCCC/C=C\CCCCCCCC(=O)c1ncc(-c2ccccn2)o1,7.187086643
Cc1cccc(NC(=O)N2CCC(Cc3ccccc3)CC2)c1,6.33999828
CC1CN(c2ccccc2)CCN1C(=O)Oc1cccc(N2CCS(=O)(=O)CC2)c1,8.657577319
O=C(CCCC1CCN(S(=O)(=O)c2ccccc2)CC1)c1ncco1,8.657577319
CCCCC/C=C\C/C=C\C/C=C\C/C=C\CCCC(=O)NCCc1c[nH]c2ccc(O)cc12,6.045757491
O=C(Nc1noc2ccccc12)N1CC2(CCN(Cc3cccc(Oc4ccc(Cl)cc4)c3)CC2)C1,6.585026652
Cc1ccccc1N1CCN(CCCCNC(=O)Oc2cccc3ccccc23)CC1.Cl,8.0
O=C(Nc1ccccc1)N1CCN(Cc2ccc3ccccc3n2)CC1,7.886056648
O=C(Nc1ccc(Cl)cc1)N[C@H]1CC[C@H](Oc2ccc(C(=O)O)cc2)CC1,6.643974143
O=C(Nc1ccccc1)N1CCN(c2nc(-c3ccc(F)cc3)ns2)CC1,6.602059991
Cc1nc(C)c(-c2ccc(C3CCC(CC(=O)O)CC3)cc2)nc1C(N)=O,6.22184875
O=C(Nc1ccncn1)N1C[C@H]2CN(Cc3cccc(Oc4ccc(Cl)cc4)c3)C[C@H]2C1,7.30980392
CCOC(=O)N1CCN(C(=O)n2nnc3cccnc32)CC1,7.040958608
Cc1nc(-c2ccc([C@H]3C[C@@H]3C(=O)N(C)C)cc2)c(Sc2ccc(Cl)cn2)n1C,8.0
O=C(CCCCCCCCc1ccccc1)c1ncc(-c2ccccn2)o1,7.744727495
COc1ccc(OC)c(-c2ccc(OC3CN(C(=O)Nc4cccnn4)C3)nc2)c1,8.045757491
C=CCOC(=O)N1C[C@@H]([C@@H](C)OC(=O)CCCc2ccccc2)C1=O,8.522878745
O=C(N1CCC(Cc2ccccc2)CC1)n1nnc2ccccc21,8.744727495
O=C(Nc1ccncc1)N1CCN(Cc2ccc3c(c2)OCO3)CC1,6.279509932
COCCOc1cccc(-c2ccc(OC3CN(C(=O)Nc4cnccn4)C3)nc2)c1,7.455931956
O=C(Nc1cccnc1)N1CCN(c2nc(-c3ccccc3)ns2)CC1,8.677780705
COc1cccc(NC(=O)N2CCN(Cc3cnc4ccccc4c3)CC2)c1,7.091514981
O=C(Nc1cc(-c2ccccc2)n[nH]1)N1CCN(c2nc(-c3ccccc3)ns2)CC1,6.552841969
Cl.O=C(NCCCCN1CCN(c2cccc(Cl)c2Cl)CC1)Oc1cccc(-c2ccccc2)c1,8.48148606
O=C(Nc1ccccc1Cl)N1CCN(Cc2ccc(Br)c(Br)c2)CC1,6.769551079
O=C(N1CCN(Cc2cccc(-c3ccccc3)c2)CC1)n1nnc2ccccc21,8.200659451
CCn1c(=O)n([C@H]2CCCN(c3cc(-c4cc5ccccc5o4)nc(N)n3)C2)c2ncccc21,8.113509275
O=C(Nc1cccnn1)N1C[C@H]2CN(Cc3cccc(Oc4ccc(Cl)cc4)c3)C[C@H]2C1,6.321481621
O=C(Nc1ccccc1)N1CCN(Cc2cc3ccccc3s2)CC1,7.886056648
O=c1n(CC(F)(F)F)c2cccnc2n1[C@H]1CCCN(c2nccc(-c3ccc(Cl)s3)n2)C1,8.744727495
COc1cc(OC(=O)NCCCCN2CCN(c3cccc(Cl)c3Cl)CC2)ccc1-c1ccccc1,8.455931956
CCn1c2ccccc2c2cc(CN3CCN(C(=O)Nc4ccccc4)CC3)ccc21,6.89279003
O=C(Nc1cncc2ccccc12)N1CCN(Cc2cccc(Oc3ccc(Cl)cc3)c2)CC1,8.292429824
CCCCC/C=C\C/C=C\CCCCCCCC(=O)NCc1ccccc1,6.167491087
COc1cccc(-c2ccc(S(=O)(=O)NC3(C)CN(C#N)C3)cc2)c1,7.920818754
O=C(Nc1ccccc1)N1CCN(C2CCc3cc(Br)ccc3C2)CC1,6.850011544
O=C(Nc1nocc1Cl)N1CCN(Cc2cccc(Oc3ccc(Cl)cc3)c2)CC1,8.397940009
O=C(Nc1ccc(F)cc1)N1CCN(c2nc(-c3ccccc3)ns2)CC1,7.339988779
O=C(Oc1ccc(Cl)cc1)N1CCN(c2nc(C3=NOC(c4ccccc4)C3)cs2)CC1,11.0
CCCCCOc1ccc(NC(=O)O/N=C/c2ccc(F)cc2)cc1,8.806875402
O=C(Nc1ccc(-c2ncco2)cc1)C1CCN(S(=O)(=O)c2ccccc2Cl)CC1,7.214670165
CC(=O)O[C@@H]1[C@@H]([C@@H](C)OC(=O)Cc2ccc(-c3ccccc3)cc2)C(=O)N1C(=O)CCc1ccccc1,6.610001577
O=C(c1cc(N2CCN(C(=O)n3nnc4ccccc43)CC2)ccc1[N+](=O)[O-])N1CCCCC1,6.344861565
CCCOC(=O)c1cc(-c2cccc(OC(=O)NC3CCCCC3)c2)n(-c2ccccc2)n1,7.795880017
O=C(Nc1noc2ccccc12)N1CCN(c2cc(-c3ccccc3)cs2)CC1,7.301029996
O=[N+]([O-])c1ccc(SC(=S)N2CCN(c3ccccc3)CC2)c([N+](=O)[O-])c1,6.301029996
COc1ccc(-c2csc(-c3ccc(NC(=O)C4CCN(S(=O)(=O)c5ccccc5Cl)CC4)cc3)n2)cc1,8.045757491
O=C(Nc1ccc(F)cc1)N1CCN(Cc2ccc3ccccc3n2)CC1,7.327902142
O=C(Nc1cnc2[nH]ccc2c1)N1CC[C@@H]2CN(Cc3cccc(Oc4ccc(Cl)cc4)c3)C[C@@H]21,7.187086643
Cc1nc(-c2ccccc2)c(-c2ccccc2)n1CCCCCCC(=O)N(C)C,6.568636236
CCCCCCNC(=O)Oc1cccc(-c2cc(C(=O)OCC)nn2-c2ccccc2)c1,7.366531544
CC(C)(C)CC(=O)N1CCC(CCCC(=O)c2ncco2)CC1,7.356547324
O=C(Nc1noc2ccccc12)N1C[C@H]2CN(Cc3ccc(Oc4ccccc4)cc3)C[C@H]2C1,6.075720714
O=C(Nc1ccccc1)N1CCN(Cc2ccnc3ccccc23)CC1,6.270025714
O=C(Nc1cccnc1)N1C[C@@H]2CN(Cc3cccc(Oc4ccc(Cl)cc4)c3)C[C@@H]21,7.0
COc1nn(Cc2ccc(Oc3ccccc3)cc2)c(=O)o1,7.337242168
CC(C)Cc1ccc(C(C)C(=O)C2SCCCS2)cc1,6.494578672
CCOc1ccc(-c2cc(NCC(O)c3ccccc3)ncn2)cc1,7.522878745
O=C(Nc1cccnc1)N1CC2(CN(Cc3cccc(Oc4ccc(Cl)cc4)c3)C2)C1,7.259637311
O=C(Nc1ccccc1)N1CCN(Cc2ccc(Oc3ccc(Cl)cc3)cc2)CC1,7.498940738
Cc1sccc1S(=O)(=O)N1CCc2c(ccnc2Nc2cnc3ccccc3c2)C1,7.585026652
CC(=O)O[C@@H]1[C@@H]([C@@H](C)OC(=O)CCc2ccccc2)C(=O)N1C(=O)CCc1ccccc1,6.387216143
O=C(Nc1cccnn1)N1CC(Oc2ccc(-c3cccc(OCCO)c3)cn2)C1,7.552841969
O=C(Nc1ccccc1)N1CCN(Cc2csc3ccccc23)CC1,7.096910013
C=CCCCC1CN(C(=O)CCC=C)C1=O,6.149997414
CCc1ccc(-c2cc(NCC(O)c3ccccc3)ncn2)cc1,7.698970004
O=C(Nc1cnccc1Cl)N1CCN(Cc2cccc(Oc3ccc(Cl)cc3)c2)CC1,8.920818754
CCCOc1ccc(CN2CCN(C(=O)Nc3ccccc3)CC2)cc1,6.477555766
O=C(Nc1ccccc1)N1CCN(Cc2cccc(OCc3ccccc3)c2)CC1,7.519993057
O=C(Nc1ccccc1)N1CCC(c2nc(C3=NOC(c4ccccc4)C3)cs2)CC1,7.110026362
NS(=O)(=O)c1cccc(-c2cnc(C(=O)CCCCCCc3ccccc3)o2)c1,6.823908741
C[S+]([O-])c1ccc(-c2nc(C3CCN(C(=O)OCCN4CCOCC4)CC3)oc2Sc2ccc(Cl)cn2)cc1,6.761953897
CS(=O)(=O)c1ccc(NC(=O)N/N=C\c2ccccc2Cl)cc1,6.431798276
O=C(Nc1noc2ccccc12)N1CCN(c2nc(-c3ccccc3)ns2)CC1,8.443697499
COCCOc1cccc(-c2ccc(OC3CN(C(=O)Nc4cccnc4)C3)nc2)c1,7.910094889
O=C(Nc1cccnn1)N1CC2(CCN(Cc3cccc(Oc4ccc(Cl)cc4)c3)CC2)C1,7.0
O=C(Nc1ccccc1)N1CCN(Cc2cccc(-c3ccccc3)c2)CC1,6.801342913
O=C(N1CCN(c2ccccc2[N+](=O)[O-])CC1)n1nnc2ccccc21,7.886056648
CCOC(=O)c1cc(-c2cccc(OC(=O)NC3CCCCC3)c2)nn1C,7.045757491
O=C1[C@H](c2ccc(F)cc2)[C@@H](c2ccc3c(c2)OCO3)N1C1CCN(C(=O)n2cncn2)CC1,6.294992041
CNC(=O)CCCCCCn1c(C)nc(-c2ccccc2)c1-c1ccccc1,6.455931956
C=CCCC(=O)O[C@H](C)[C@@H]1CN(C(=O)CCC=C)C1=O,7.339229356
COC(=O)N1CCC(c2nc(-c3ccc([S+](C)[O-])cc3)c(Sc3ccc(Cl)cn3)o2)CC1,7.428291168
O=C(O)c1ccc(-c2cnc(C(=O)CCCCCCc3ccccc3)o2)o1,6.592779107
CNC(=O)c1ccc(O[C@H]2CC[C@H](NC(=O)Nc3ccc(OC(F)(F)F)cc3)CC2)cc1,7.15490196
O=C(Nc1ccccc1)N1CCN(Cc2ccc(Cl)cc2)CC1,7.244125144
Cl.O=C(NCCCCN1CCN(c2cccc(Cl)c2Cl)CC1)Oc1cccc2sccc12,8.886056648
O=C(Nc1cncc(Cl)c1)N1CC2(CCN(Cc3cccc(Oc4ccc(Cl)cc4)c3)CC2)C1,6.987162775
CCCCCCCCC#CCCCCCCCC(=O)c1ncc(-c2ccccn2)o1,7.886056648
Cc1ccc(C)c(OC(=O)N2CCC(c3nc(C4=NOC(c5ccccc5)C4)cs3)CC2)c1,7.639974911
O=C(NC1CCCCC1)Oc1cccc(-c2cc(C(=O)O)nn2-c2ccccc2)c1,6.346787486
CN(C)CCCOc1cccc(CN2CCN(C(=O)Nc3ccccc3)CC2)c1,6.390000296
Cn1ccc2cc(-c3ccc4oc(N5CCCC5)nc4c3)ccc21,6.653647026
O=C(Nc1ccncc1)N1CCN(Cc2ccc(Br)c(Br)c2)CC1,7.010016542
Cc1nc(-c2ccccc2)c(-c2ccccc2)n1CCCCCC(C)NC(=O)Oc1ccccc1F,8.468521083
O=C(NC1CCC(=Cc2cccc(Oc3ccc(C(F)(F)F)cn3)c2)CC1)c1cnc2[nH]ccc2c1,8.698970004
O=C(Nc1ccccc1)N1CCN(Cc2cccc(OCCCN3CCCCC3)c2)CC1,6.397940009
CCCCCCCCCCCOc1ccc(NC(=O)O/N=C/c2ccccc2)cc1,9.366531544
C/C(=N/NC(=O)Nc1ccc(S(C)(=O)=O)cc1)c1ccc(O)cc1,6.48148606
O=C(CCCC1CCN(S(=O)(=O)CCc2ccccc2)CC1)c1ncco1,8.337242168
N#Cc1ccncc1NC(=O)N1CCN(Cc2cccc(Oc3ccc(Cl)cc3)c2)CC1,7.920818754
O=C(Nc1cnccn1)N1CCC(c2nc(C3=NOC(c4ccccc4)C3)cs2)CC1,8.15490196
O=C(N1CCN(Cc2ccc(Br)cc2)CC1)n1nnc2ccccc21,7.853871964
COC(=O)c1cc(-c2cccc(OC(=O)NC3CCCCC3)c2)n(-c2ccccc2)n1,7.91721463
Clc1ccc(Sc2oc(C3CCOCC3)nc2-c2cnc3[nH]ncc3c2)cc1,7.48148606
O=C(Nc1cccnc1)N1CCC2(CCN(Cc3cccc(Oc4ccc(Cl)cc4)c3)C2)C1,6.317403709
O=C(Nc1ccc2nccn2c1)N1CCN(Cc2cccc(Oc3ccc(Cl)cc3)c2)CC1,7.33003263
O=C(NCCCCCCc1ccccc1)Oc1cccc(N2CCNCC2)c1,7.600326279
CCCCCCCCOc1ccc(NC(=O)O/N=C/c2cccnc2)cc1,9.096910013
N#Cc1ccc(OC(=O)N2CCC(c3nc(C4=NOC(c5ccccc5)C4)cs3)CC2)cc1,9.853871964
C[S+]([O-])c1ccc(-c2nc(C3CCN(C(=O)OCCNCCO)CC3)oc2Sc2ccc(Cl)cn2)cc1,6.359518563
O=C(Nc1ccccc1)N1CCN(Cc2cccc(Oc3ccc4ccccc4c3)c2)CC1,7.677780705
O=C(Nc1cc2nccn2cn1)N1CCN(Cc2cccc(Oc3ccc(Cl)cc3)c2)CC1,7.920818754
O=C(Nc1noc2ccccc12)N1CCN(c2nc(-c3ccccc3)cs2)CC1,8.522878745
O=C(Nc1ccc(F)cc1)C1CCN(S(=O)(=O)c2ccccc2Cl)CC1,7.049976093
NC(=O)[C@H]1C[C@@H]1c1ccc(-c2nn(C3CC3)cc2Sc2ccc(Cl)cc2)cc1,8.397940009
O=C(Nc1cccc(Cl)c1)N1CCN(c2nc(-c3ccccc3)ns2)CC1,7.0
CCCCCOc1ccccc1-c1cc(C(=O)NC2CCCCCCC2)no1,6.338187314
CCN(CC)C(=O)c1cc(-c2cccc(OC(=O)NC3CCCCC3)c2)n(-c2ccccc2)n1,6.790002704
O=C(N1CCN(Cc2cccc3ccccc23)CC1)n1nnc2ccccc21,8.0
O=C(Nc1ccc(Cl)cc1)C1CCN(S(=O)(=O)c2ccccc2Cl)CC1,7.161150909
COCc1ccc(-c2ccc3oc(N4Cc5ccccc5C4)nc3c2)cc1,8.113509275
COc1cccc(-c2cc(NC[C@H](O)c3ccccc3)ncn2)c1,6.48148606
O=C(Nc1cccnn1)N1CCN(c2ccnc(-c3ccc(F)cc3F)c2)CC1,7.752026734
COc1ccc(NC(=O)O/N=C/c2ccccc2)cc1,6.92885471
CCCCCCCOc1ccc(NC(=O)O/N=C/c2ccccc2)cc1,8.22184875
O=C(Nc1ccn[nH]1)N1CCN(c2nc(-c3ccccc3)ns2)CC1,6.536107011
O=C(Nc1cccnc1)N1CCC(Cc2cccc(Oc3ccc(Cl)cc3)c2)CC1,8.468521083
CCOc1ccc(-c2cc(NC[C@H](O)c3ccccc3)ncn2)cc1C(F)(F)F,8.602059991
O=C(Oc1cccc(N2CCS(=O)(=O)CC2)c1)N1CCC(O)(c2ccccc2)CC1,7.149353765
CS(=O)(=O)c1ccc(NC(=O)N/N=C\c2ccc(Cl)cc2Cl)cc1,7.886056648
O=C(Nc1ccc(C2Oc3ccccc3S2)cc1)C1CCN(S(=O)(=O)c2ccccc2Cl)CC1,7.200659451
COc1ccc(CN2CCN(C(=O)Nc3ccccc3)CC2)cc1OC,6.187086643
CCCCCCCC/C=C\CCCCCCCNC(=O)Oc1cccc(-c2cccc(C(N)=O)c2)c1,7.511449283
COc1nn(Cc2cccc(OCc3ccccc3)c2)c(=O)o1,6.477555766
O=C(Nc1ccccc1Cl)N1CCN(Cc2cnc3ccccc3c2)CC1,6.468521083
CC(=O)O[C@@H]1[C@@H]([C@@H](C)OC(=O)CCCc2ccccc2)C(=O)N1C(=O)CCCc1ccccc1,6.257274869
O=C(NCCCN1CCN(c2cccc(Cl)c2Cl)CC1)Oc1ccc2c(c1)[nH]c1ccccc12,8.455931956
COc1cccc(-c2ccc(COC3(C)CN(C#N)C3)cc2)c1,9.455931956
O=C(Nc1noc2ccccc12)N1CC[C@@H]2CN(Cc3cccc(Oc4ccc(Cl)cc4)c3)C[C@H]2C1,7.031517051
O=C(Oc1cccc(N2CCCCC2)c1)N1CCC(c2ccc(F)cc2)CC1,7.638272164
Cc1c(Cl)cc(C(=O)NC2CCCCCC2)c(=O)n1Cc1ccc(F)cc1,6.017728767
Nc1ccc(C(=O)NC2CCC(=Cc3cccc(Oc4ccc(C(F)(F)F)cn4)c3)CC2)cn1,8.958607315
O=C(NC1CCC(=Cc2cccc(Oc3ccc(C(F)(F)F)cn3)c2)CC1)c1ccccn1,6.744727495
N#Cc1ccc(C(O)CNc2cc(-c3ccc(C(F)(F)F)c(Cl)c3)ncn2)cc1,7.514278574
C[C@@H](OC(=O)Cc1ccc(-c2ccccc2)cc1)[C@@H]1CN(C(=O)CCCCc2ccccc2)C1=O,7.031517051
COc1ccc(C2CCN(C(=O)Oc3cccc(N4CCS(=O)(=O)CC4)c3)CC2)cc1,8.301029996
CCCCC/C=C\C/C=C\C/C=C\C/C=C\CCCCS(=O)(=O)F,10.0
O=C(Nc1ccccc1)N1CCN(c2nc(-c3ccccc3)ns2)CC1,8.060480747
CC(C)CNC(=O)n1c(=O)oc2cc(C3CCN(C)CC3)ccc21,7.470056598
O=C(N1CCN(Cc2ccc(-c3ccccc3)cc2)CC1)n1nnc2ccccc21,7.920818754
Cc1c(C2CCCN(c3nccc(-c4cc5ccccc5s4)n3)C2)c2cccnc2n1CCO,8.585026652
CCCCOc1ccc(NC(=O)Oc2ccccc2F)cc1,6.886056648
O=C(Oc1ccc([N+](=O)[O-])cc1)N1CCN(c2nc(C3=NOC(c4ccccc4)C3)cs2)CC1,9.698970004
O=C(Nc1ccc(OC(F)(F)F)cc1)N[C@H]1CC[C@H](Oc2ccc(C(=O)NCCO)cc2)CC1,7.337242168
O=C(CCCCCc1ccccc1)C(F)(F)F,6.096910013
COC(=O)Cn1cc(-c2nc(C3CCOCC3)oc2Sc2ccc(Cl)cc2)cn1,6.910094889
C[C@@H](OC(=O)CCc1ccccc1)[C@@H]1CN(C(=O)CCCc2ccccc2)C1=O,7.521433504
Cc1nnc(-c2ccc(O[C@H]3CC[C@H](NC(=O)Nc4ccc(OC(F)(F)F)cc4)CC3)cc2)o1,6.075720714
COc1ccc(CN2CCC(CCCC(=O)c3ncco3)CC2)cc1,7.236572006
O=C(Nc1cccc2nonc12)N1CC2(CCN(Cc3cccc(Oc4ccc(Cl)cc4)c3)CC2)C1,6.598599459
O=C(Nc1cnc2cccnn12)N1CCN(Cc2cccc(Oc3ccc(Cl)cc3)c2)CC1,8.522878745
COc1nn(Cc2cccc(Oc3ccccc3)c2)c(=O)o1,6.568636236
O=C(Nc1cccnn1)N1CCN(c2cncc(-c3ccc(F)cc3F)c2)CC1,7.209926052
CCCCCCCC/C=C\CCCCCCCC(=O)c1nc2ncccc2o1,7.638272164
O=C(Nc1noc2ccccc12)N1C[C@H]2CN(Cc3cccc(Oc4cccc(C(F)(F)F)c4)c3)C[C@H]2C1,6.327902142
O=C(Nc1ccc(-c2nc(-c3ccccc3)cs2)cc1)C1CCN(S(=O)(=O)c2ccccc2Cl)CC1,7.721246399
O=C(Nc1cnc2[nH]ccc2c1)N1C[C@@H]2CCN(Cc3cccc(Oc4ccc(Cl)cc4)c3)[C@@H]2C1,6.844663963
CCCCCCCC/C=C\CCCCCCCC(=O)c1nnc(-c2ccccc2)o1,7.096910013
Cc1ccccc1N1CCN(CCCCNC(=O)Oc2ccc(-c3ccccc3)cc2)CC1,8.27572413
Cc1ccc(OC(=O)N2CCC(c3nc(C4=NOC(c5ccccc5)C4)cs3)CC2)cc1,9.698970004
O=C(Oc1ccccc1)N1CCC(c2nc(C3=NOC4(CCCc5ccccc54)C3)cs2)CC1,7.744727495
Cn1cc(C2CCCN(c3nccc(-c4cc5ccccc5s4)n3)C2)c2cccnc21,8.207608311
CN(C)C(=O)[C@H]1C[C@@H]1c1ccc(-c2c(Sc3ccc(Cl)cn3)ncn2C)cc1,6.602059991
CC(C)(O)c1ccc(-c2nc(C3CCOCC3)oc2Sc2ccc(Cl)cc2)cn1,7.920818754
O=C(Nc1ccccc1)N1CCN(Cc2cccc(Br)c2)CC1,6.966576245
CCCOc1ccc(NC(=O)O/N=C/c2ccc(F)cc2)cc1,8.0
COc1ccc(OC(=O)NCCCCN2CCN(c3cccc(Cl)c3Cl)CC2)c2ccccc12.Cl,7.040958608
Cc1onc(NC(=O)N2CCN(c3nc(-c4ccccc4F)ns3)CC2)c1C,8.698970004
O=C(OC(C(F)(F)F)C(F)(F)F)N1CC(c2nc(-c3ccccc3)no2)C1,6.799998135
COc1ccccc1CN1CCC(CCCC(=O)c2ncco2)CC1,6.207608311
CN(CCF)C(=O)[C@H]1C[C@@H]1c1ccc(-c2ncn(C)c2Sc2ccc(Cl)cc2)cc1,8.958607315
CN(C)C(=O)n1nnnc1Cc1ccc(-c2ccccc2)cc1,8.017502631
CCn1c(=O)n(C2CCCN(c3nccc(-c4cc5ccccc5o4)n3)C2)c2ccccc21,7.744727495
CCCCCCCCC#CCCCCCCCC(=O)c1nc2ncccc2o1,8.744727495
O=C(c1ccc(N2CCN(C(=O)n3nnc4ccccc43)CC2)c([N+](=O)[O-])c1)N1CCOCC1,6.420216403
COc1nn([C@H](C)c2ccc(-c3ccccc3)cc2)c(=O)o1,6.294136288
O=C(Oc1ccc([N+](=O)[O-])cc1)N1CCC(C(O)(c2ccc3c(c2)OCO3)c2ccc3c(c2)OCO3)CC1,6.178486472
O=C(Oc1ccc([N+](=O)[O-])cc1)N1CCN(S(=O)(=O)c2ccc(-c3ccc(Cl)c(Cl)c3)cc2)CC1,6.835647144
O=C(c1ccc2c(ccn2-c2ccc(F)cc2)c1)N1CC(N2CCN(C(=O)c3nccs3)CC2)C1,6.200659451
