target,pdb_id,smiles
PARP1,8FYY,n1c(c2ccc(cc2)C(=O)NCCc2nc3c(cccc3)[nH]2)[nH]c2cccc(c12)C(=O)N
PARP1,6I8M,C1(=O)c2c([C@@H](N1[C@@H]1CCN(CC1)C1CCCCC1)C)cccc2C(=O)N
PARP1,1EFY,c12nc([nH]c1cccc2C(=O)N)c1cc(OC)ccc1
PARP1,2PAX,c1(=O)c2ccc(N)c3cccc(c(=O)[nH]1)c23
FAAH,2WAP,C1CN(CCC1CC2=CC(=CC=C2)OC3=NC=C(C=C3)C(F)(F)F)C(=O)O
FAAH,3QKV,N1(CCC2(CC1)Oc1ccc(Br)cc1CO2)CO
FAAH,4HBP,C1CN(CCN1C2=NC(=NS2)C3=CC=CC=C3)C(=O)NC4=CN=CC=C4
FAAH,3PPM,n1c(cccc1)c1nnc(o1)C(=O)CCCCCCc1ccccc1
CB2,6PT0,c1ccc2cccc(c2c1)C(=O)c1c(C)n2[C@@H](COc3cccc1c23)CN1CCOCC1
CB2,8GUT,c1(nc(c(cc1)F)CNC1CCOCC1)c1ccc(cc1)CN1CC(=O)N(C1=O)CC(C)C
PBP2a,6Q9N-a,c12ccccc1nc(n(c2=O)c1cccc(c1)C(=O)[O-])/C=C/c1ccc(cc1)C#C
PBP2a,6Q9N-b,S1[C@@H](N[C@H](C1(C)C)C(=O)[O-])[C@H](NC(=O)[C@H](NC(=O)N1CCN(C(=O)C1=O)CC)c1ccccc1)C=O
PBP2a,4CJN,N#Cc1ccc(cc1)/C=C/c1n(c2cccc(c2)C(=O)O)c(=O)c2c(n1)cccc2
PBP2a,6H5O,S1[C@@H](N[C@H](C1(C)C)C(=O)[O-])[C@H](NC(=O)[C@H](NC(=O)N1CCN(C(=O)C1=O)CC)c1ccccc1)C=O
USP7,5UQV,c1(ncc(c(CC)c1c1ccc(cc1)O)c1ccc2c(c1)cn[nH]2)N
USP7,6VN2,c1(cc2c(c(c1)c1c3c(ncc1)cc(CN1C(=O)C=CC1=O)s3)O[C@H](C2)C(=O)N1CCNCC1)Cl
USP7,6VN3,Cc1cc(cc(c1O[C@@H]1CNC[C@@H]1F)c1ccnc2cc(sc12)CN1C(=O)C=CC1=O)Cl
USP7,6VN4,C[C@H](Cc1ccccc1)C(=O)N1CC[C@@](Cn2cnc3ccccc3c2=O)(CC1)O